"FullDateAlternateKey;DayNumberOfWeek;MonthNumberOfYear;FrenchMonthName;EnglishMonthName;CalendarQuarterEN;CalendarQuarterFR;CalendarYear;CalendarSemester"
"42370;6;1;Janvier;January;Q1;T1;2016;S1"
"42371;7;1;Janvier;January;Q1;T1;2016;S1"
"42372;1;1;Janvier;January;Q1;T1;2016;S1"
"42373;2;1;Janvier;January;Q1;T1;2016;S1"
"42374;3;1;Janvier;January;Q1;T1;2016;S1"
"42375;4;1;Janvier;January;Q1;T1;2016;S1"
"42376;5;1;Janvier;January;Q1;T1;2016;S1"
"42377;6;1;Janvier;January;Q1;T1;2016;S1"
"42378;7;1;Janvier;January;Q1;T1;2016;S1"
"42379;1;1;Janvier;January;Q1;T1;2016;S1"
"42380;2;1;Janvier;January;Q1;T1;2016;S1"
"42381;3;1;Janvier;January;Q1;T1;2016;S1"
"42382;4;1;Janvier;January;Q1;T1;2016;S1"
"42383;5;1;Janvier;January;Q1;T1;2016;S1"
"42384;6;1;Janvier;January;Q1;T1;2016;S1"
"42385;7;1;Janvier;January;Q1;T1;2016;S1"
"42386;1;1;Janvier;January;Q1;T1;2016;S1"
"42387;2;1;Janvier;January;Q1;T1;2016;S1"
"42388;3;1;Janvier;January;Q1;T1;2016;S1"
"42389;4;1;Janvier;January;Q1;T1;2016;S1"
"42390;5;1;Janvier;January;Q1;T1;2016;S1"
"42391;6;1;Janvier;January;Q1;T1;2016;S1"
"42392;7;1;Janvier;January;Q1;T1;2016;S1"
"42393;1;1;Janvier;January;Q1;T1;2016;S1"
"42394;2;1;Janvier;January;Q1;T1;2016;S1"
"42395;3;1;Janvier;January;Q1;T1;2016;S1"
"42396;4;1;Janvier;January;Q1;T1;2016;S1"
"42397;5;1;Janvier;January;Q1;T1;2016;S1"
"42398;6;1;Janvier;January;Q1;T1;2016;S1"
"42399;7;1;Janvier;January;Q1;T1;2016;S1"
"42400;1;1;Janvier;January;Q1;T1;2016;S1"
"42401;2;2;Février;February;Q1;T1;2016;S1"
"42402;3;2;Février;February;Q1;T1;2016;S1"
"42403;4;2;Février;February;Q1;T1;2016;S1"
"42404;5;2;Février;February;Q1;T1;2016;S1"
"42405;6;2;Février;February;Q1;T1;2016;S1"
"42406;7;2;Février;February;Q1;T1;2016;S1"
"42407;1;2;Février;February;Q1;T1;2016;S1"
"42408;2;2;Février;February;Q1;T1;2016;S1"
"42409;3;2;Février;February;Q1;T1;2016;S1"
"42410;4;2;Février;February;Q1;T1;2016;S1"
"42411;5;2;Février;February;Q1;T1;2016;S1"
"42412;6;2;Février;February;Q1;T1;2016;S1"
"42413;7;2;Février;February;Q1;T1;2016;S1"
"42414;1;2;Février;February;Q1;T1;2016;S1"
"42415;2;2;Février;February;Q1;T1;2016;S1"
"42416;3;2;Février;February;Q1;T1;2016;S1"
"42417;4;2;Février;February;Q1;T1;2016;S1"
"42418;5;2;Février;February;Q1;T1;2016;S1"
"42419;6;2;Février;February;Q1;T1;2016;S1"
"42420;7;2;Février;February;Q1;T1;2016;S1"
"42421;1;2;Février;February;Q1;T1;2016;S1"
"42422;2;2;Février;February;Q1;T1;2016;S1"
"42423;3;2;Février;February;Q1;T1;2016;S1"
"42424;4;2;Février;February;Q1;T1;2016;S1"
"42425;5;2;Février;February;Q1;T1;2016;S1"
"42426;6;2;Février;February;Q1;T1;2016;S1"
"42427;7;2;Février;February;Q1;T1;2016;S1"
"42428;1;2;Février;February;Q1;T1;2016;S1"
"42429;2;2;Février;February;Q1;T1;2016;S1"
"42430;3;3;Mars;March;Q1;T1;2016;S1"
"42431;4;3;Mars;March;Q1;T1;2016;S1"
"42432;5;3;Mars;March;Q1;T1;2016;S1"
"42433;6;3;Mars;March;Q1;T1;2016;S1"
"42434;7;3;Mars;March;Q1;T1;2016;S1"
"42435;1;3;Mars;March;Q1;T1;2016;S1"
"42436;2;3;Mars;March;Q1;T1;2016;S1"
"42437;3;3;Mars;March;Q1;T1;2016;S1"
"42438;4;3;Mars;March;Q1;T1;2016;S1"
"42439;5;3;Mars;March;Q1;T1;2016;S1"
"42440;6;3;Mars;March;Q1;T1;2016;S1"
"42441;7;3;Mars;March;Q1;T1;2016;S1"
"42442;1;3;Mars;March;Q1;T1;2016;S1"
"42443;2;3;Mars;March;Q1;T1;2016;S1"
"42444;3;3;Mars;March;Q1;T1;2016;S1"
"42445;4;3;Mars;March;Q1;T1;2016;S1"
"42446;5;3;Mars;March;Q1;T1;2016;S1"
"42447;6;3;Mars;March;Q1;T1;2016;S1"
"42448;7;3;Mars;March;Q1;T1;2016;S1"
"42449;1;3;Mars;March;Q1;T1;2016;S1"
"42450;2;3;Mars;March;Q1;T1;2016;S1"
"42451;3;3;Mars;March;Q1;T1;2016;S1"
"42452;4;3;Mars;March;Q1;T1;2016;S1"
"42453;5;3;Mars;March;Q1;T1;2016;S1"
"42454;6;3;Mars;March;Q1;T1;2016;S1"
"42455;7;3;Mars;March;Q1;T1;2016;S1"
"42456;1;3;Mars;March;Q1;T1;2016;S1"
"42457;2;3;Mars;March;Q1;T1;2016;S1"
"42458;3;3;Mars;March;Q1;T1;2016;S1"
"42459;4;3;Mars;March;Q1;T1;2016;S1"
"42460;5;3;Mars;March;Q1;T1;2016;S1"
"42461;6;4;Avril;April;Q2;T2;2016;S1"
"42462;7;4;Avril;April;Q2;T2;2016;S1"
"42463;1;4;Avril;April;Q2;T2;2016;S1"
"42464;2;4;Avril;April;Q2;T2;2016;S1"
"42465;3;4;Avril;April;Q2;T2;2016;S1"
"42466;4;4;Avril;April;Q2;T2;2016;S1"
"42467;5;4;Avril;April;Q2;T2;2016;S1"
"42468;6;4;Avril;April;Q2;T2;2016;S1"
"42469;7;4;Avril;April;Q2;T2;2016;S1"
"42470;1;4;Avril;April;Q2;T2;2016;S1"
"42471;2;4;Avril;April;Q2;T2;2016;S1"
"42472;3;4;Avril;April;Q2;T2;2016;S1"
"42473;4;4;Avril;April;Q2;T2;2016;S1"
"42474;5;4;Avril;April;Q2;T2;2016;S1"
"42475;6;4;Avril;April;Q2;T2;2016;S1"
"42476;7;4;Avril;April;Q2;T2;2016;S1"
"42477;1;4;Avril;April;Q2;T2;2016;S1"
"42478;2;4;Avril;April;Q2;T2;2016;S1"
"42479;3;4;Avril;April;Q2;T2;2016;S1"
"42480;4;4;Avril;April;Q2;T2;2016;S1"
"42481;5;4;Avril;April;Q2;T2;2016;S1"
"42482;6;4;Avril;April;Q2;T2;2016;S1"
"42483;7;4;Avril;April;Q2;T2;2016;S1"
"42484;1;4;Avril;April;Q2;T2;2016;S1"
"42485;2;4;Avril;April;Q2;T2;2016;S1"
"42486;3;4;Avril;April;Q2;T2;2016;S1"
"42487;4;4;Avril;April;Q2;T2;2016;S1"
"42488;5;4;Avril;April;Q2;T2;2016;S1"
"42489;6;4;Avril;April;Q2;T2;2016;S1"
"42490;7;4;Avril;April;Q2;T2;2016;S1"
"42491;1;5;Mai;May;Q2;T2;2016;S1"
"42492;2;5;Mai;May;Q2;T2;2016;S1"
"42493;3;5;Mai;May;Q2;T2;2016;S1"
"42494;4;5;Mai;May;Q2;T2;2016;S1"
"42495;5;5;Mai;May;Q2;T2;2016;S1"
"42496;6;5;Mai;May;Q2;T2;2016;S1"
"42497;7;5;Mai;May;Q2;T2;2016;S1"
"42498;1;5;Mai;May;Q2;T2;2016;S1"
"42499;2;5;Mai;May;Q2;T2;2016;S1"
"42500;3;5;Mai;May;Q2;T2;2016;S1"
"42501;4;5;Mai;May;Q2;T2;2016;S1"
"42502;5;5;Mai;May;Q2;T2;2016;S1"
"42503;6;5;Mai;May;Q2;T2;2016;S1"
"42504;7;5;Mai;May;Q2;T2;2016;S1"
"42505;1;5;Mai;May;Q2;T2;2016;S1"
"42506;2;5;Mai;May;Q2;T2;2016;S1"
"42507;3;5;Mai;May;Q2;T2;2016;S1"
"42508;4;5;Mai;May;Q2;T2;2016;S1"
"42509;5;5;Mai;May;Q2;T2;2016;S1"
"42510;6;5;Mai;May;Q2;T2;2016;S1"
"42511;7;5;Mai;May;Q2;T2;2016;S1"
"42512;1;5;Mai;May;Q2;T2;2016;S1"
"42513;2;5;Mai;May;Q2;T2;2016;S1"
"42514;3;5;Mai;May;Q2;T2;2016;S1"
"42515;4;5;Mai;May;Q2;T2;2016;S1"
"42516;5;5;Mai;May;Q2;T2;2016;S1"
"42517;6;5;Mai;May;Q2;T2;2016;S1"
"42518;7;5;Mai;May;Q2;T2;2016;S1"
"42519;1;5;Mai;May;Q2;T2;2016;S1"
"42520;2;5;Mai;May;Q2;T2;2016;S1"
"42521;3;5;Mai;May;Q2;T2;2016;S1"
"42522;4;6;Juin;June;Q2;T2;2016;S1"
"42523;5;6;Juin;June;Q2;T2;2016;S1"
"42524;6;6;Juin;June;Q2;T2;2016;S1"
"42525;7;6;Juin;June;Q2;T2;2016;S1"
"42526;1;6;Juin;June;Q2;T2;2016;S1"
"42527;2;6;Juin;June;Q2;T2;2016;S1"
"42528;3;6;Juin;June;Q2;T2;2016;S1"
"42529;4;6;Juin;June;Q2;T2;2016;S1"
"42530;5;6;Juin;June;Q2;T2;2016;S1"
"42531;6;6;Juin;June;Q2;T2;2016;S1"
"42532;7;6;Juin;June;Q2;T2;2016;S1"
"42533;1;6;Juin;June;Q2;T2;2016;S1"
"42534;2;6;Juin;June;Q2;T2;2016;S1"
"42535;3;6;Juin;June;Q2;T2;2016;S1"
"42536;4;6;Juin;June;Q2;T2;2016;S1"
"42537;5;6;Juin;June;Q2;T2;2016;S1"
"42538;6;6;Juin;June;Q2;T2;2016;S1"
"42539;7;6;Juin;June;Q2;T2;2016;S1"
"42540;1;6;Juin;June;Q2;T2;2016;S1"
"42541;2;6;Juin;June;Q2;T2;2016;S1"
"42542;3;6;Juin;June;Q2;T2;2016;S1"
"42543;4;6;Juin;June;Q2;T2;2016;S1"
"42544;5;6;Juin;June;Q2;T2;2016;S1"
"42545;6;6;Juin;June;Q2;T2;2016;S1"
"42546;7;6;Juin;June;Q2;T2;2016;S1"
"42547;1;6;Juin;June;Q2;T2;2016;S1"
"42548;2;6;Juin;June;Q2;T2;2016;S1"
"42549;3;6;Juin;June;Q2;T2;2016;S1"
"42550;4;6;Juin;June;Q2;T2;2016;S1"
"42551;5;6;Juin;June;Q2;T2;2016;S1"
"42552;6;7;Juillet;July;Q3;T3;2016;S2"
"42553;7;7;Juillet;July;Q3;T3;2016;S2"
"42554;1;7;Juillet;July;Q3;T3;2016;S2"
"42555;2;7;Juillet;July;Q3;T3;2016;S2"
"42556;3;7;Juillet;July;Q3;T3;2016;S2"
"42557;4;7;Juillet;July;Q3;T3;2016;S2"
"42558;5;7;Juillet;July;Q3;T3;2016;S2"
"42559;6;7;Juillet;July;Q3;T3;2016;S2"
"42560;7;7;Juillet;July;Q3;T3;2016;S2"
"42561;1;7;Juillet;July;Q3;T3;2016;S2"
"42562;2;7;Juillet;July;Q3;T3;2016;S2"
"42563;3;7;Juillet;July;Q3;T3;2016;S2"
"42564;4;7;Juillet;July;Q3;T3;2016;S2"
"42565;5;7;Juillet;July;Q3;T3;2016;S2"
"42566;6;7;Juillet;July;Q3;T3;2016;S2"
"42567;7;7;Juillet;July;Q3;T3;2016;S2"
"42568;1;7;Juillet;July;Q3;T3;2016;S2"
"42569;2;7;Juillet;July;Q3;T3;2016;S2"
"42570;3;7;Juillet;July;Q3;T3;2016;S2"
"42571;4;7;Juillet;July;Q3;T3;2016;S2"
"42572;5;7;Juillet;July;Q3;T3;2016;S2"
"42573;6;7;Juillet;July;Q3;T3;2016;S2"
"42574;7;7;Juillet;July;Q3;T3;2016;S2"
"42575;1;7;Juillet;July;Q3;T3;2016;S2"
"42576;2;7;Juillet;July;Q3;T3;2016;S2"
"42577;3;7;Juillet;July;Q3;T3;2016;S2"
"42578;4;7;Juillet;July;Q3;T3;2016;S2"
"42579;5;7;Juillet;July;Q3;T3;2016;S2"
"42580;6;7;Juillet;July;Q3;T3;2016;S2"
"42581;7;7;Juillet;July;Q3;T3;2016;S2"
"42582;1;7;Juillet;July;Q3;T3;2016;S2"
"42583;2;8;Août;August;Q3;T3;2016;S2"
"42584;3;8;Août;August;Q3;T3;2016;S2"
"42585;4;8;Août;August;Q3;T3;2016;S2"
"42586;5;8;Août;August;Q3;T3;2016;S2"
"42587;6;8;Août;August;Q3;T3;2016;S2"
"42588;7;8;Août;August;Q3;T3;2016;S2"
"42589;1;8;Août;August;Q3;T3;2016;S2"
"42590;2;8;Août;August;Q3;T3;2016;S2"
"42591;3;8;Août;August;Q3;T3;2016;S2"
"42592;4;8;Août;August;Q3;T3;2016;S2"
"42593;5;8;Août;August;Q3;T3;2016;S2"
"42594;6;8;Août;August;Q3;T3;2016;S2"
"42595;7;8;Août;August;Q3;T3;2016;S2"
"42596;1;8;Août;August;Q3;T3;2016;S2"
"42597;2;8;Août;August;Q3;T3;2016;S2"
"42598;3;8;Août;August;Q3;T3;2016;S2"
"42599;4;8;Août;August;Q3;T3;2016;S2"
"42600;5;8;Août;August;Q3;T3;2016;S2"
"42601;6;8;Août;August;Q3;T3;2016;S2"
"42602;7;8;Août;August;Q3;T3;2016;S2"
"42603;1;8;Août;August;Q3;T3;2016;S2"
"42604;2;8;Août;August;Q3;T3;2016;S2"
"42605;3;8;Août;August;Q3;T3;2016;S2"
"42606;4;8;Août;August;Q3;T3;2016;S2"
"42607;5;8;Août;August;Q3;T3;2016;S2"
"42608;6;8;Août;August;Q3;T3;2016;S2"
"42609;7;8;Août;August;Q3;T3;2016;S2"
"42610;1;8;Août;August;Q3;T3;2016;S2"
"42611;2;8;Août;August;Q3;T3;2016;S2"
"42612;3;8;Août;August;Q3;T3;2016;S2"
"42613;4;8;Août;August;Q3;T3;2016;S2"
"42614;5;9;Septembre;September;Q3;T3;2016;S2"
"42615;6;9;Septembre;September;Q3;T3;2016;S2"
"42616;7;9;Septembre;September;Q3;T3;2016;S2"
"42617;1;9;Septembre;September;Q3;T3;2016;S2"
"42618;2;9;Septembre;September;Q3;T3;2016;S2"
"42619;3;9;Septembre;September;Q3;T3;2016;S2"
"42620;4;9;Septembre;September;Q3;T3;2016;S2"
"42621;5;9;Septembre;September;Q3;T3;2016;S2"
"42622;6;9;Septembre;September;Q3;T3;2016;S2"
"42623;7;9;Septembre;September;Q3;T3;2016;S2"
"42624;1;9;Septembre;September;Q3;T3;2016;S2"
"42625;2;9;Septembre;September;Q3;T3;2016;S2"
"42626;3;9;Septembre;September;Q3;T3;2016;S2"
"42627;4;9;Septembre;September;Q3;T3;2016;S2"
"42628;5;9;Septembre;September;Q3;T3;2016;S2"
"42629;6;9;Septembre;September;Q3;T3;2016;S2"
"42630;7;9;Septembre;September;Q3;T3;2016;S2"
"42631;1;9;Septembre;September;Q3;T3;2016;S2"
"42632;2;9;Septembre;September;Q3;T3;2016;S2"
"42633;3;9;Septembre;September;Q3;T3;2016;S2"
"42634;4;9;Septembre;September;Q3;T3;2016;S2"
"42635;5;9;Septembre;September;Q3;T3;2016;S2"
"42636;6;9;Septembre;September;Q3;T3;2016;S2"
"42637;7;9;Septembre;September;Q3;T3;2016;S2"
"42638;1;9;Septembre;September;Q3;T3;2016;S2"
"42639;2;9;Septembre;September;Q3;T3;2016;S2"
"42640;3;9;Septembre;September;Q3;T3;2016;S2"
"42641;4;9;Septembre;September;Q3;T3;2016;S2"
"42642;5;9;Septembre;September;Q3;T3;2016;S2"
"42643;6;9;Septembre;September;Q3;T3;2016;S2"
"42644;7;10;Octobre;October;Q4;T4;2016;S2"
"42645;1;10;Octobre;October;Q4;T4;2016;S2"
"42646;2;10;Octobre;October;Q4;T4;2016;S2"
"42647;3;10;Octobre;October;Q4;T4;2016;S2"
"42648;4;10;Octobre;October;Q4;T4;2016;S2"
"42649;5;10;Octobre;October;Q4;T4;2016;S2"
"42650;6;10;Octobre;October;Q4;T4;2016;S2"
"42651;7;10;Octobre;October;Q4;T4;2016;S2"
"42652;1;10;Octobre;October;Q4;T4;2016;S2"
"42653;2;10;Octobre;October;Q4;T4;2016;S2"
"42654;3;10;Octobre;October;Q4;T4;2016;S2"
"42655;4;10;Octobre;October;Q4;T4;2016;S2"
"42656;5;10;Octobre;October;Q4;T4;2016;S2"
"42657;6;10;Octobre;October;Q4;T4;2016;S2"
"42658;7;10;Octobre;October;Q4;T4;2016;S2"
"42659;1;10;Octobre;October;Q4;T4;2016;S2"
"42660;2;10;Octobre;October;Q4;T4;2016;S2"
"42661;3;10;Octobre;October;Q4;T4;2016;S2"
"42662;4;10;Octobre;October;Q4;T4;2016;S2"
"42663;5;10;Octobre;October;Q4;T4;2016;S2"
"42664;6;10;Octobre;October;Q4;T4;2016;S2"
"42665;7;10;Octobre;October;Q4;T4;2016;S2"
"42666;1;10;Octobre;October;Q4;T4;2016;S2"
"42667;2;10;Octobre;October;Q4;T4;2016;S2"
"42668;3;10;Octobre;October;Q4;T4;2016;S2"
"42669;4;10;Octobre;October;Q4;T4;2016;S2"
"42670;5;10;Octobre;October;Q4;T4;2016;S2"
"42671;6;10;Octobre;October;Q4;T4;2016;S2"
"42672;7;10;Octobre;October;Q4;T4;2016;S2"
"42673;1;10;Octobre;October;Q4;T4;2016;S2"
"42674;2;10;Octobre;October;Q4;T4;2016;S2"
"42675;3;11;Novembre;November;Q4;T4;2016;S2"
"42676;4;11;Novembre;November;Q4;T4;2016;S2"
"42677;5;11;Novembre;November;Q4;T4;2016;S2"
"42678;6;11;Novembre;November;Q4;T4;2016;S2"
"42679;7;11;Novembre;November;Q4;T4;2016;S2"
"42680;1;11;Novembre;November;Q4;T4;2016;S2"
"42681;2;11;Novembre;November;Q4;T4;2016;S2"
"42682;3;11;Novembre;November;Q4;T4;2016;S2"
"42683;4;11;Novembre;November;Q4;T4;2016;S2"
"42684;5;11;Novembre;November;Q4;T4;2016;S2"
"42685;6;11;Novembre;November;Q4;T4;2016;S2"
"42686;7;11;Novembre;November;Q4;T4;2016;S2"
"42687;1;11;Novembre;November;Q4;T4;2016;S2"
"42688;2;11;Novembre;November;Q4;T4;2016;S2"
"42689;3;11;Novembre;November;Q4;T4;2016;S2"
"42690;4;11;Novembre;November;Q4;T4;2016;S2"
"42691;5;11;Novembre;November;Q4;T4;2016;S2"
"42692;6;11;Novembre;November;Q4;T4;2016;S2"
"42693;7;11;Novembre;November;Q4;T4;2016;S2"
"42694;1;11;Novembre;November;Q4;T4;2016;S2"
"42695;2;11;Novembre;November;Q4;T4;2016;S2"
"42696;3;11;Novembre;November;Q4;T4;2016;S2"
"42697;4;11;Novembre;November;Q4;T4;2016;S2"
"42698;5;11;Novembre;November;Q4;T4;2016;S2"
"42699;6;11;Novembre;November;Q4;T4;2016;S2"
"42700;7;11;Novembre;November;Q4;T4;2016;S2"
"42701;1;11;Novembre;November;Q4;T4;2016;S2"
"42702;2;11;Novembre;November;Q4;T4;2016;S2"
"42703;3;11;Novembre;November;Q4;T4;2016;S2"
"42704;4;11;Novembre;November;Q4;T4;2016;S2"
"42705;5;12;Décembre;December;Q4;T4;2016;S2"
"42706;6;12;Décembre;December;Q4;T4;2016;S2"
"42707;7;12;Décembre;December;Q4;T4;2016;S2"
"42708;1;12;Décembre;December;Q4;T4;2016;S2"
"42709;2;12;Décembre;December;Q4;T4;2016;S2"
"42710;3;12;Décembre;December;Q4;T4;2016;S2"
"42711;4;12;Décembre;December;Q4;T4;2016;S2"
"42712;5;12;Décembre;December;Q4;T4;2016;S2"
"42713;6;12;Décembre;December;Q4;T4;2016;S2"
"42714;7;12;Décembre;December;Q4;T4;2016;S2"
"42715;1;12;Décembre;December;Q4;T4;2016;S2"
"42716;2;12;Décembre;December;Q4;T4;2016;S2"
"42717;3;12;Décembre;December;Q4;T4;2016;S2"
"42718;4;12;Décembre;December;Q4;T4;2016;S2"
"42719;5;12;Décembre;December;Q4;T4;2016;S2"
"42720;6;12;Décembre;December;Q4;T4;2016;S2"
"42721;7;12;Décembre;December;Q4;T4;2016;S2"
"42722;1;12;Décembre;December;Q4;T4;2016;S2"
"42723;2;12;Décembre;December;Q4;T4;2016;S2"
"42724;3;12;Décembre;December;Q4;T4;2016;S2"
"42725;4;12;Décembre;December;Q4;T4;2016;S2"
"42726;5;12;Décembre;December;Q4;T4;2016;S2"
"42727;6;12;Décembre;December;Q4;T4;2016;S2"
"42728;7;12;Décembre;December;Q4;T4;2016;S2"
"42729;1;12;Décembre;December;Q4;T4;2016;S2"
"42730;2;12;Décembre;December;Q4;T4;2016;S2"
"42731;3;12;Décembre;December;Q4;T4;2016;S2"
"42732;4;12;Décembre;December;Q4;T4;2016;S2"
"42733;5;12;Décembre;December;Q4;T4;2016;S2"
"42734;6;12;Décembre;December;Q4;T4;2016;S2"
"42735;7;12;Décembre;December;Q4;T4;2016;S2"
"42736;1;1;Janvier;January;Q1;T1;2017;S1"
"42737;2;1;Janvier;January;Q1;T1;2017;S1"
"42738;3;1;Janvier;January;Q1;T1;2017;S1"
"42739;4;1;Janvier;January;Q1;T1;2017;S1"
"42740;5;1;Janvier;January;Q1;T1;2017;S1"
"42741;6;1;Janvier;January;Q1;T1;2017;S1"
"42742;7;1;Janvier;January;Q1;T1;2017;S1"
"42743;1;1;Janvier;January;Q1;T1;2017;S1"
"42744;2;1;Janvier;January;Q1;T1;2017;S1"
"42745;3;1;Janvier;January;Q1;T1;2017;S1"
"42746;4;1;Janvier;January;Q1;T1;2017;S1"
"42747;5;1;Janvier;January;Q1;T1;2017;S1"
"42748;6;1;Janvier;January;Q1;T1;2017;S1"
"42749;7;1;Janvier;January;Q1;T1;2017;S1"
"42750;1;1;Janvier;January;Q1;T1;2017;S1"
"42751;2;1;Janvier;January;Q1;T1;2017;S1"
"42752;3;1;Janvier;January;Q1;T1;2017;S1"
"42753;4;1;Janvier;January;Q1;T1;2017;S1"
"42754;5;1;Janvier;January;Q1;T1;2017;S1"
"42755;6;1;Janvier;January;Q1;T1;2017;S1"
"42756;7;1;Janvier;January;Q1;T1;2017;S1"
"42757;1;1;Janvier;January;Q1;T1;2017;S1"
"42758;2;1;Janvier;January;Q1;T1;2017;S1"
"42759;3;1;Janvier;January;Q1;T1;2017;S1"
"42760;4;1;Janvier;January;Q1;T1;2017;S1"
"42761;5;1;Janvier;January;Q1;T1;2017;S1"
"42762;6;1;Janvier;January;Q1;T1;2017;S1"
"42763;7;1;Janvier;January;Q1;T1;2017;S1"
"42764;1;1;Janvier;January;Q1;T1;2017;S1"
"42765;2;1;Janvier;January;Q1;T1;2017;S1"
"42766;3;1;Janvier;January;Q1;T1;2017;S1"
"42767;4;2;Février;February;Q1;T1;2017;S1"
"42768;5;2;Février;February;Q1;T1;2017;S1"
"42769;6;2;Février;February;Q1;T1;2017;S1"
"42770;7;2;Février;February;Q1;T1;2017;S1"
"42771;1;2;Février;February;Q1;T1;2017;S1"
"42772;2;2;Février;February;Q1;T1;2017;S1"
"42773;3;2;Février;February;Q1;T1;2017;S1"
"42774;4;2;Février;February;Q1;T1;2017;S1"
"42775;5;2;Février;February;Q1;T1;2017;S1"
"42776;6;2;Février;February;Q1;T1;2017;S1"
"42777;7;2;Février;February;Q1;T1;2017;S1"
"42778;1;2;Février;February;Q1;T1;2017;S1"
"42779;2;2;Février;February;Q1;T1;2017;S1"
"42780;3;2;Février;February;Q1;T1;2017;S1"
"42781;4;2;Février;February;Q1;T1;2017;S1"
"42782;5;2;Février;February;Q1;T1;2017;S1"
"42783;6;2;Février;February;Q1;T1;2017;S1"
"42784;7;2;Février;February;Q1;T1;2017;S1"
"42785;1;2;Février;February;Q1;T1;2017;S1"
"42786;2;2;Février;February;Q1;T1;2017;S1"
"42787;3;2;Février;February;Q1;T1;2017;S1"
"42788;4;2;Février;February;Q1;T1;2017;S1"
"42789;5;2;Février;February;Q1;T1;2017;S1"
"42790;6;2;Février;February;Q1;T1;2017;S1"
"42791;7;2;Février;February;Q1;T1;2017;S1"
"42792;1;2;Février;February;Q1;T1;2017;S1"
"42793;2;2;Février;February;Q1;T1;2017;S1"
"42794;3;2;Février;February;Q1;T1;2017;S1"
"42795;4;3;Mars;March;Q1;T1;2017;S1"
"42796;5;3;Mars;March;Q1;T1;2017;S1"
"42797;6;3;Mars;March;Q1;T1;2017;S1"
"42798;7;3;Mars;March;Q1;T1;2017;S1"
"42799;1;3;Mars;March;Q1;T1;2017;S1"
"42800;2;3;Mars;March;Q1;T1;2017;S1"
"42801;3;3;Mars;March;Q1;T1;2017;S1"
"42802;4;3;Mars;March;Q1;T1;2017;S1"
"42803;5;3;Mars;March;Q1;T1;2017;S1"
"42804;6;3;Mars;March;Q1;T1;2017;S1"
"42805;7;3;Mars;March;Q1;T1;2017;S1"
"42806;1;3;Mars;March;Q1;T1;2017;S1"
"42807;2;3;Mars;March;Q1;T1;2017;S1"
"42808;3;3;Mars;March;Q1;T1;2017;S1"
"42809;4;3;Mars;March;Q1;T1;2017;S1"
"42810;5;3;Mars;March;Q1;T1;2017;S1"
"42811;6;3;Mars;March;Q1;T1;2017;S1"
"42812;7;3;Mars;March;Q1;T1;2017;S1"
"42813;1;3;Mars;March;Q1;T1;2017;S1"
"42814;2;3;Mars;March;Q1;T1;2017;S1"
"42815;3;3;Mars;March;Q1;T1;2017;S1"
"42816;4;3;Mars;March;Q1;T1;2017;S1"
"42817;5;3;Mars;March;Q1;T1;2017;S1"
"42818;6;3;Mars;March;Q1;T1;2017;S1"
"42819;7;3;Mars;March;Q1;T1;2017;S1"
"42820;1;3;Mars;March;Q1;T1;2017;S1"
"42821;2;3;Mars;March;Q1;T1;2017;S1"
"42822;3;3;Mars;March;Q1;T1;2017;S1"
"42823;4;3;Mars;March;Q1;T1;2017;S1"
"42824;5;3;Mars;March;Q1;T1;2017;S1"
"42825;6;3;Mars;March;Q1;T1;2017;S1"
"42826;7;4;Avril;April;Q2;T2;2017;S1"
"42827;1;4;Avril;April;Q2;T2;2017;S1"
"42828;2;4;Avril;April;Q2;T2;2017;S1"
"42829;3;4;Avril;April;Q2;T2;2017;S1"
"42830;4;4;Avril;April;Q2;T2;2017;S1"
"42831;5;4;Avril;April;Q2;T2;2017;S1"
"42832;6;4;Avril;April;Q2;T2;2017;S1"
"42833;7;4;Avril;April;Q2;T2;2017;S1"
"42834;1;4;Avril;April;Q2;T2;2017;S1"
"42835;2;4;Avril;April;Q2;T2;2017;S1"
"42836;3;4;Avril;April;Q2;T2;2017;S1"
"42837;4;4;Avril;April;Q2;T2;2017;S1"
"42838;5;4;Avril;April;Q2;T2;2017;S1"
"42839;6;4;Avril;April;Q2;T2;2017;S1"
"42840;7;4;Avril;April;Q2;T2;2017;S1"
"42841;1;4;Avril;April;Q2;T2;2017;S1"
"42842;2;4;Avril;April;Q2;T2;2017;S1"
"42843;3;4;Avril;April;Q2;T2;2017;S1"
"42844;4;4;Avril;April;Q2;T2;2017;S1"
"42845;5;4;Avril;April;Q2;T2;2017;S1"
"42846;6;4;Avril;April;Q2;T2;2017;S1"
"42847;7;4;Avril;April;Q2;T2;2017;S1"
"42848;1;4;Avril;April;Q2;T2;2017;S1"
"42849;2;4;Avril;April;Q2;T2;2017;S1"
"42850;3;4;Avril;April;Q2;T2;2017;S1"
"42851;4;4;Avril;April;Q2;T2;2017;S1"
"42852;5;4;Avril;April;Q2;T2;2017;S1"
"42853;6;4;Avril;April;Q2;T2;2017;S1"
"42854;7;4;Avril;April;Q2;T2;2017;S1"
"42855;1;4;Avril;April;Q2;T2;2017;S1"
"42856;2;5;Mai;May;Q2;T2;2017;S1"
"42857;3;5;Mai;May;Q2;T2;2017;S1"
"42858;4;5;Mai;May;Q2;T2;2017;S1"
"42859;5;5;Mai;May;Q2;T2;2017;S1"
"42860;6;5;Mai;May;Q2;T2;2017;S1"
"42861;7;5;Mai;May;Q2;T2;2017;S1"
"42862;1;5;Mai;May;Q2;T2;2017;S1"
"42863;2;5;Mai;May;Q2;T2;2017;S1"
"42864;3;5;Mai;May;Q2;T2;2017;S1"
"42865;4;5;Mai;May;Q2;T2;2017;S1"
"42866;5;5;Mai;May;Q2;T2;2017;S1"
"42867;6;5;Mai;May;Q2;T2;2017;S1"
"42868;7;5;Mai;May;Q2;T2;2017;S1"
"42869;1;5;Mai;May;Q2;T2;2017;S1"
"42870;2;5;Mai;May;Q2;T2;2017;S1"
"42871;3;5;Mai;May;Q2;T2;2017;S1"
"42872;4;5;Mai;May;Q2;T2;2017;S1"
"42873;5;5;Mai;May;Q2;T2;2017;S1"
"42874;6;5;Mai;May;Q2;T2;2017;S1"
"42875;7;5;Mai;May;Q2;T2;2017;S1"
"42876;1;5;Mai;May;Q2;T2;2017;S1"
"42877;2;5;Mai;May;Q2;T2;2017;S1"
"42878;3;5;Mai;May;Q2;T2;2017;S1"
"42879;4;5;Mai;May;Q2;T2;2017;S1"
"42880;5;5;Mai;May;Q2;T2;2017;S1"
"42881;6;5;Mai;May;Q2;T2;2017;S1"
"42882;7;5;Mai;May;Q2;T2;2017;S1"
"42883;1;5;Mai;May;Q2;T2;2017;S1"
"42884;2;5;Mai;May;Q2;T2;2017;S1"
"42885;3;5;Mai;May;Q2;T2;2017;S1"
"42886;4;5;Mai;May;Q2;T2;2017;S1"
"42887;5;6;Juin;June;Q2;T2;2017;S1"
"42888;6;6;Juin;June;Q2;T2;2017;S1"
"42889;7;6;Juin;June;Q2;T2;2017;S1"
"42890;1;6;Juin;June;Q2;T2;2017;S1"
"42891;2;6;Juin;June;Q2;T2;2017;S1"
"42892;3;6;Juin;June;Q2;T2;2017;S1"
"42893;4;6;Juin;June;Q2;T2;2017;S1"
"42894;5;6;Juin;June;Q2;T2;2017;S1"
"42895;6;6;Juin;June;Q2;T2;2017;S1"
"42896;7;6;Juin;June;Q2;T2;2017;S1"
"42897;1;6;Juin;June;Q2;T2;2017;S1"
"42898;2;6;Juin;June;Q2;T2;2017;S1"
"42899;3;6;Juin;June;Q2;T2;2017;S1"
"42900;4;6;Juin;June;Q2;T2;2017;S1"
"42901;5;6;Juin;June;Q2;T2;2017;S1"
"42902;6;6;Juin;June;Q2;T2;2017;S1"
"42903;7;6;Juin;June;Q2;T2;2017;S1"
"42904;1;6;Juin;June;Q2;T2;2017;S1"
"42905;2;6;Juin;June;Q2;T2;2017;S1"
"42906;3;6;Juin;June;Q2;T2;2017;S1"
"42907;4;6;Juin;June;Q2;T2;2017;S1"
"42908;5;6;Juin;June;Q2;T2;2017;S1"
"42909;6;6;Juin;June;Q2;T2;2017;S1"
"42910;7;6;Juin;June;Q2;T2;2017;S1"
"42911;1;6;Juin;June;Q2;T2;2017;S1"
"42912;2;6;Juin;June;Q2;T2;2017;S1"
"42913;3;6;Juin;June;Q2;T2;2017;S1"
"42914;4;6;Juin;June;Q2;T2;2017;S1"
"42915;5;6;Juin;June;Q2;T2;2017;S1"
"42916;6;6;Juin;June;Q2;T2;2017;S1"
"42917;7;7;Juillet;July;Q3;T3;2017;S2"
"42918;1;7;Juillet;July;Q3;T3;2017;S2"
"42919;2;7;Juillet;July;Q3;T3;2017;S2"
"42920;3;7;Juillet;July;Q3;T3;2017;S2"
"42921;4;7;Juillet;July;Q3;T3;2017;S2"
"42922;5;7;Juillet;July;Q3;T3;2017;S2"
"42923;6;7;Juillet;July;Q3;T3;2017;S2"
"42924;7;7;Juillet;July;Q3;T3;2017;S2"
"42925;1;7;Juillet;July;Q3;T3;2017;S2"
"42926;2;7;Juillet;July;Q3;T3;2017;S2"
"42927;3;7;Juillet;July;Q3;T3;2017;S2"
"42928;4;7;Juillet;July;Q3;T3;2017;S2"
"42929;5;7;Juillet;July;Q3;T3;2017;S2"
"42930;6;7;Juillet;July;Q3;T3;2017;S2"
"42931;7;7;Juillet;July;Q3;T3;2017;S2"
"42932;1;7;Juillet;July;Q3;T3;2017;S2"
"42933;2;7;Juillet;July;Q3;T3;2017;S2"
"42934;3;7;Juillet;July;Q3;T3;2017;S2"
"42935;4;7;Juillet;July;Q3;T3;2017;S2"
"42936;5;7;Juillet;July;Q3;T3;2017;S2"
"42937;6;7;Juillet;July;Q3;T3;2017;S2"
"42938;7;7;Juillet;July;Q3;T3;2017;S2"
"42939;1;7;Juillet;July;Q3;T3;2017;S2"
"42940;2;7;Juillet;July;Q3;T3;2017;S2"
"42941;3;7;Juillet;July;Q3;T3;2017;S2"
"42942;4;7;Juillet;July;Q3;T3;2017;S2"
"42943;5;7;Juillet;July;Q3;T3;2017;S2"
"42944;6;7;Juillet;July;Q3;T3;2017;S2"
"42945;7;7;Juillet;July;Q3;T3;2017;S2"
"42946;1;7;Juillet;July;Q3;T3;2017;S2"
"42947;2;7;Juillet;July;Q3;T3;2017;S2"
"42948;3;8;Août;August;Q3;T3;2017;S2"
"42949;4;8;Août;August;Q3;T3;2017;S2"
"42950;5;8;Août;August;Q3;T3;2017;S2"
"42951;6;8;Août;August;Q3;T3;2017;S2"
"42952;7;8;Août;August;Q3;T3;2017;S2"
"42953;1;8;Août;August;Q3;T3;2017;S2"
"42954;2;8;Août;August;Q3;T3;2017;S2"
"42955;3;8;Août;August;Q3;T3;2017;S2"
"42956;4;8;Août;August;Q3;T3;2017;S2"
"42957;5;8;Août;August;Q3;T3;2017;S2"
"42958;6;8;Août;August;Q3;T3;2017;S2"
"42959;7;8;Août;August;Q3;T3;2017;S2"
"42960;1;8;Août;August;Q3;T3;2017;S2"
"42961;2;8;Août;August;Q3;T3;2017;S2"
"42962;3;8;Août;August;Q3;T3;2017;S2"
"42963;4;8;Août;August;Q3;T3;2017;S2"
"42964;5;8;Août;August;Q3;T3;2017;S2"
"42965;6;8;Août;August;Q3;T3;2017;S2"
"42966;7;8;Août;August;Q3;T3;2017;S2"
"42967;1;8;Août;August;Q3;T3;2017;S2"
"42968;2;8;Août;August;Q3;T3;2017;S2"
"42969;3;8;Août;August;Q3;T3;2017;S2"
"42970;4;8;Août;August;Q3;T3;2017;S2"
"42971;5;8;Août;August;Q3;T3;2017;S2"
"42972;6;8;Août;August;Q3;T3;2017;S2"
"42973;7;8;Août;August;Q3;T3;2017;S2"
"42974;1;8;Août;August;Q3;T3;2017;S2"
"42975;2;8;Août;August;Q3;T3;2017;S2"
"42976;3;8;Août;August;Q3;T3;2017;S2"
"42977;4;8;Août;August;Q3;T3;2017;S2"
"42978;5;8;Août;August;Q3;T3;2017;S2"
"42979;6;9;Septembre;September;Q3;T3;2017;S2"
"42980;7;9;Septembre;September;Q3;T3;2017;S2"
"42981;1;9;Septembre;September;Q3;T3;2017;S2"
"42982;2;9;Septembre;September;Q3;T3;2017;S2"
"42983;3;9;Septembre;September;Q3;T3;2017;S2"
"42984;4;9;Septembre;September;Q3;T3;2017;S2"
"42985;5;9;Septembre;September;Q3;T3;2017;S2"
"42986;6;9;Septembre;September;Q3;T3;2017;S2"
"42987;7;9;Septembre;September;Q3;T3;2017;S2"
"42988;1;9;Septembre;September;Q3;T3;2017;S2"
"42989;2;9;Septembre;September;Q3;T3;2017;S2"
"42990;3;9;Septembre;September;Q3;T3;2017;S2"
"42991;4;9;Septembre;September;Q3;T3;2017;S2"
"42992;5;9;Septembre;September;Q3;T3;2017;S2"
"42993;6;9;Septembre;September;Q3;T3;2017;S2"
"42994;7;9;Septembre;September;Q3;T3;2017;S2"
"42995;1;9;Septembre;September;Q3;T3;2017;S2"
"42996;2;9;Septembre;September;Q3;T3;2017;S2"
"42997;3;9;Septembre;September;Q3;T3;2017;S2"
"42998;4;9;Septembre;September;Q3;T3;2017;S2"
"42999;5;9;Septembre;September;Q3;T3;2017;S2"
"43000;6;9;Septembre;September;Q3;T3;2017;S2"
"43001;7;9;Septembre;September;Q3;T3;2017;S2"
"43002;1;9;Septembre;September;Q3;T3;2017;S2"
"43003;2;9;Septembre;September;Q3;T3;2017;S2"
"43004;3;9;Septembre;September;Q3;T3;2017;S2"
"43005;4;9;Septembre;September;Q3;T3;2017;S2"
"43006;5;9;Septembre;September;Q3;T3;2017;S2"
"43007;6;9;Septembre;September;Q3;T3;2017;S2"
"43008;7;9;Septembre;September;Q3;T3;2017;S2"
"43009;1;10;Octobre;October;Q4;T4;2017;S2"
"43010;2;10;Octobre;October;Q4;T4;2017;S2"
"43011;3;10;Octobre;October;Q4;T4;2017;S2"
"43012;4;10;Octobre;October;Q4;T4;2017;S2"
"43013;5;10;Octobre;October;Q4;T4;2017;S2"
"43014;6;10;Octobre;October;Q4;T4;2017;S2"
"43015;7;10;Octobre;October;Q4;T4;2017;S2"
"43016;1;10;Octobre;October;Q4;T4;2017;S2"
"43017;2;10;Octobre;October;Q4;T4;2017;S2"
"43018;3;10;Octobre;October;Q4;T4;2017;S2"
"43019;4;10;Octobre;October;Q4;T4;2017;S2"
"43020;5;10;Octobre;October;Q4;T4;2017;S2"
"43021;6;10;Octobre;October;Q4;T4;2017;S2"
"43022;7;10;Octobre;October;Q4;T4;2017;S2"
"43023;1;10;Octobre;October;Q4;T4;2017;S2"
"43024;2;10;Octobre;October;Q4;T4;2017;S2"
"43025;3;10;Octobre;October;Q4;T4;2017;S2"
"43026;4;10;Octobre;October;Q4;T4;2017;S2"
"43027;5;10;Octobre;October;Q4;T4;2017;S2"
"43028;6;10;Octobre;October;Q4;T4;2017;S2"
"43029;7;10;Octobre;October;Q4;T4;2017;S2"
"43030;1;10;Octobre;October;Q4;T4;2017;S2"
"43031;2;10;Octobre;October;Q4;T4;2017;S2"
"43032;3;10;Octobre;October;Q4;T4;2017;S2"
"43033;4;10;Octobre;October;Q4;T4;2017;S2"
"43034;5;10;Octobre;October;Q4;T4;2017;S2"
"43035;6;10;Octobre;October;Q4;T4;2017;S2"
"43036;7;10;Octobre;October;Q4;T4;2017;S2"
"43037;1;10;Octobre;October;Q4;T4;2017;S2"
"43038;2;10;Octobre;October;Q4;T4;2017;S2"
"43039;3;10;Octobre;October;Q4;T4;2017;S2"
"43040;4;11;Novembre;November;Q4;T4;2017;S2"
"43041;5;11;Novembre;November;Q4;T4;2017;S2"
"43042;6;11;Novembre;November;Q4;T4;2017;S2"
"43043;7;11;Novembre;November;Q4;T4;2017;S2"
"43044;1;11;Novembre;November;Q4;T4;2017;S2"
"43045;2;11;Novembre;November;Q4;T4;2017;S2"
"43046;3;11;Novembre;November;Q4;T4;2017;S2"
"43047;4;11;Novembre;November;Q4;T4;2017;S2"
"43048;5;11;Novembre;November;Q4;T4;2017;S2"
"43049;6;11;Novembre;November;Q4;T4;2017;S2"
"43050;7;11;Novembre;November;Q4;T4;2017;S2"
"43051;1;11;Novembre;November;Q4;T4;2017;S2"
"43052;2;11;Novembre;November;Q4;T4;2017;S2"
"43053;3;11;Novembre;November;Q4;T4;2017;S2"
"43054;4;11;Novembre;November;Q4;T4;2017;S2"
"43055;5;11;Novembre;November;Q4;T4;2017;S2"
"43056;6;11;Novembre;November;Q4;T4;2017;S2"
"43057;7;11;Novembre;November;Q4;T4;2017;S2"
"43058;1;11;Novembre;November;Q4;T4;2017;S2"
"43059;2;11;Novembre;November;Q4;T4;2017;S2"
"43060;3;11;Novembre;November;Q4;T4;2017;S2"
"43061;4;11;Novembre;November;Q4;T4;2017;S2"
"43062;5;11;Novembre;November;Q4;T4;2017;S2"
"43063;6;11;Novembre;November;Q4;T4;2017;S2"
"43064;7;11;Novembre;November;Q4;T4;2017;S2"
"43065;1;11;Novembre;November;Q4;T4;2017;S2"
"43066;2;11;Novembre;November;Q4;T4;2017;S2"
"43067;3;11;Novembre;November;Q4;T4;2017;S2"
"43068;4;11;Novembre;November;Q4;T4;2017;S2"
"43069;5;11;Novembre;November;Q4;T4;2017;S2"
"43070;6;12;Décembre;December;Q4;T4;2017;S2"
"43071;7;12;Décembre;December;Q4;T4;2017;S2"
"43072;1;12;Décembre;December;Q4;T4;2017;S2"
"43073;2;12;Décembre;December;Q4;T4;2017;S2"
"43074;3;12;Décembre;December;Q4;T4;2017;S2"
"43075;4;12;Décembre;December;Q4;T4;2017;S2"
"43076;5;12;Décembre;December;Q4;T4;2017;S2"
"43077;6;12;Décembre;December;Q4;T4;2017;S2"
"43078;7;12;Décembre;December;Q4;T4;2017;S2"
"43079;1;12;Décembre;December;Q4;T4;2017;S2"
"43080;2;12;Décembre;December;Q4;T4;2017;S2"
"43081;3;12;Décembre;December;Q4;T4;2017;S2"
"43082;4;12;Décembre;December;Q4;T4;2017;S2"
"43083;5;12;Décembre;December;Q4;T4;2017;S2"
"43084;6;12;Décembre;December;Q4;T4;2017;S2"
"43085;7;12;Décembre;December;Q4;T4;2017;S2"
"43086;1;12;Décembre;December;Q4;T4;2017;S2"
"43087;2;12;Décembre;December;Q4;T4;2017;S2"
"43088;3;12;Décembre;December;Q4;T4;2017;S2"
"43089;4;12;Décembre;December;Q4;T4;2017;S2"
"43090;5;12;Décembre;December;Q4;T4;2017;S2"
"43091;6;12;Décembre;December;Q4;T4;2017;S2"
"43092;7;12;Décembre;December;Q4;T4;2017;S2"
"43093;1;12;Décembre;December;Q4;T4;2017;S2"
"43094;2;12;Décembre;December;Q4;T4;2017;S2"
"43095;3;12;Décembre;December;Q4;T4;2017;S2"
"43096;4;12;Décembre;December;Q4;T4;2017;S2"
"43097;5;12;Décembre;December;Q4;T4;2017;S2"
"43098;6;12;Décembre;December;Q4;T4;2017;S2"
"43099;7;12;Décembre;December;Q4;T4;2017;S2"
"43100;1;12;Décembre;December;Q4;T4;2017;S2"
"43101;2;1;Janvier;January;Q1;T1;2018;S1"
"43102;3;1;Janvier;January;Q1;T1;2018;S1"
"43103;4;1;Janvier;January;Q1;T1;2018;S1"
"43104;5;1;Janvier;January;Q1;T1;2018;S1"
"43105;6;1;Janvier;January;Q1;T1;2018;S1"
"43106;7;1;Janvier;January;Q1;T1;2018;S1"
"43107;1;1;Janvier;January;Q1;T1;2018;S1"
"43108;2;1;Janvier;January;Q1;T1;2018;S1"
"43109;3;1;Janvier;January;Q1;T1;2018;S1"
"43110;4;1;Janvier;January;Q1;T1;2018;S1"
"43111;5;1;Janvier;January;Q1;T1;2018;S1"
"43112;6;1;Janvier;January;Q1;T1;2018;S1"
"43113;7;1;Janvier;January;Q1;T1;2018;S1"
"43114;1;1;Janvier;January;Q1;T1;2018;S1"
"43115;2;1;Janvier;January;Q1;T1;2018;S1"
"43116;3;1;Janvier;January;Q1;T1;2018;S1"
"43117;4;1;Janvier;January;Q1;T1;2018;S1"
"43118;5;1;Janvier;January;Q1;T1;2018;S1"
"43119;6;1;Janvier;January;Q1;T1;2018;S1"
"43120;7;1;Janvier;January;Q1;T1;2018;S1"
"43121;1;1;Janvier;January;Q1;T1;2018;S1"
"43122;2;1;Janvier;January;Q1;T1;2018;S1"
"43123;3;1;Janvier;January;Q1;T1;2018;S1"
"43124;4;1;Janvier;January;Q1;T1;2018;S1"
"43125;5;1;Janvier;January;Q1;T1;2018;S1"
"43126;6;1;Janvier;January;Q1;T1;2018;S1"
"43127;7;1;Janvier;January;Q1;T1;2018;S1"
"43128;1;1;Janvier;January;Q1;T1;2018;S1"
"43129;2;1;Janvier;January;Q1;T1;2018;S1"
"43130;3;1;Janvier;January;Q1;T1;2018;S1"
"43131;4;1;Janvier;January;Q1;T1;2018;S1"
"43132;5;2;Février;February;Q1;T1;2018;S1"
"43133;6;2;Février;February;Q1;T1;2018;S1"
"43134;7;2;Février;February;Q1;T1;2018;S1"
"43135;1;2;Février;February;Q1;T1;2018;S1"
"43136;2;2;Février;February;Q1;T1;2018;S1"
"43137;3;2;Février;February;Q1;T1;2018;S1"
"43138;4;2;Février;February;Q1;T1;2018;S1"
"43139;5;2;Février;February;Q1;T1;2018;S1"
"43140;6;2;Février;February;Q1;T1;2018;S1"
"43141;7;2;Février;February;Q1;T1;2018;S1"
"43142;1;2;Février;February;Q1;T1;2018;S1"
"43143;2;2;Février;February;Q1;T1;2018;S1"
"43144;3;2;Février;February;Q1;T1;2018;S1"
"43145;4;2;Février;February;Q1;T1;2018;S1"
"43146;5;2;Février;February;Q1;T1;2018;S1"
"43147;6;2;Février;February;Q1;T1;2018;S1"
"43148;7;2;Février;February;Q1;T1;2018;S1"
"43149;1;2;Février;February;Q1;T1;2018;S1"
"43150;2;2;Février;February;Q1;T1;2018;S1"
"43151;3;2;Février;February;Q1;T1;2018;S1"
"43152;4;2;Février;February;Q1;T1;2018;S1"
"43153;5;2;Février;February;Q1;T1;2018;S1"
"43154;6;2;Février;February;Q1;T1;2018;S1"
"43155;7;2;Février;February;Q1;T1;2018;S1"
"43156;1;2;Février;February;Q1;T1;2018;S1"
"43157;2;2;Février;February;Q1;T1;2018;S1"
"43158;3;2;Février;February;Q1;T1;2018;S1"
"43159;4;2;Février;February;Q1;T1;2018;S1"
"43160;5;3;Mars;March;Q1;T1;2018;S1"
"43161;6;3;Mars;March;Q1;T1;2018;S1"
"43162;7;3;Mars;March;Q1;T1;2018;S1"
"43163;1;3;Mars;March;Q1;T1;2018;S1"
"43164;2;3;Mars;March;Q1;T1;2018;S1"
"43165;3;3;Mars;March;Q1;T1;2018;S1"
"43166;4;3;Mars;March;Q1;T1;2018;S1"
"43167;5;3;Mars;March;Q1;T1;2018;S1"
"43168;6;3;Mars;March;Q1;T1;2018;S1"
"43169;7;3;Mars;March;Q1;T1;2018;S1"
"43170;1;3;Mars;March;Q1;T1;2018;S1"
"43171;2;3;Mars;March;Q1;T1;2018;S1"
"43172;3;3;Mars;March;Q1;T1;2018;S1"
"43173;4;3;Mars;March;Q1;T1;2018;S1"
"43174;5;3;Mars;March;Q1;T1;2018;S1"
"43175;6;3;Mars;March;Q1;T1;2018;S1"
"43176;7;3;Mars;March;Q1;T1;2018;S1"
"43177;1;3;Mars;March;Q1;T1;2018;S1"
"43178;2;3;Mars;March;Q1;T1;2018;S1"
"43179;3;3;Mars;March;Q1;T1;2018;S1"
"43180;4;3;Mars;March;Q1;T1;2018;S1"
"43181;5;3;Mars;March;Q1;T1;2018;S1"
"43182;6;3;Mars;March;Q1;T1;2018;S1"
"43183;7;3;Mars;March;Q1;T1;2018;S1"
"43184;1;3;Mars;March;Q1;T1;2018;S1"
"43185;2;3;Mars;March;Q1;T1;2018;S1"
"43186;3;3;Mars;March;Q1;T1;2018;S1"
"43187;4;3;Mars;March;Q1;T1;2018;S1"
"43188;5;3;Mars;March;Q1;T1;2018;S1"
"43189;6;3;Mars;March;Q1;T1;2018;S1"
"43190;7;3;Mars;March;Q1;T1;2018;S1"
"43191;1;4;Avril;April;Q2;T2;2018;S1"
"43192;2;4;Avril;April;Q2;T2;2018;S1"
"43193;3;4;Avril;April;Q2;T2;2018;S1"
"43194;4;4;Avril;April;Q2;T2;2018;S1"
"43195;5;4;Avril;April;Q2;T2;2018;S1"
"43196;6;4;Avril;April;Q2;T2;2018;S1"
"43197;7;4;Avril;April;Q2;T2;2018;S1"
"43198;1;4;Avril;April;Q2;T2;2018;S1"
"43199;2;4;Avril;April;Q2;T2;2018;S1"
"43200;3;4;Avril;April;Q2;T2;2018;S1"
"43201;4;4;Avril;April;Q2;T2;2018;S1"
"43202;5;4;Avril;April;Q2;T2;2018;S1"
"43203;6;4;Avril;April;Q2;T2;2018;S1"
"43204;7;4;Avril;April;Q2;T2;2018;S1"
"43205;1;4;Avril;April;Q2;T2;2018;S1"
"43206;2;4;Avril;April;Q2;T2;2018;S1"
"43207;3;4;Avril;April;Q2;T2;2018;S1"
"43208;4;4;Avril;April;Q2;T2;2018;S1"
"43209;5;4;Avril;April;Q2;T2;2018;S1"
"43210;6;4;Avril;April;Q2;T2;2018;S1"
"43211;7;4;Avril;April;Q2;T2;2018;S1"
"43212;1;4;Avril;April;Q2;T2;2018;S1"
"43213;2;4;Avril;April;Q2;T2;2018;S1"
"43214;3;4;Avril;April;Q2;T2;2018;S1"
"43215;4;4;Avril;April;Q2;T2;2018;S1"
"43216;5;4;Avril;April;Q2;T2;2018;S1"
"43217;6;4;Avril;April;Q2;T2;2018;S1"
"43218;7;4;Avril;April;Q2;T2;2018;S1"
"43219;1;4;Avril;April;Q2;T2;2018;S1"
"43220;2;4;Avril;April;Q2;T2;2018;S1"
"43221;3;5;Mai;May;Q2;T2;2018;S1"
"43222;4;5;Mai;May;Q2;T2;2018;S1"
"43223;5;5;Mai;May;Q2;T2;2018;S1"
"43224;6;5;Mai;May;Q2;T2;2018;S1"
"43225;7;5;Mai;May;Q2;T2;2018;S1"
"43226;1;5;Mai;May;Q2;T2;2018;S1"
"43227;2;5;Mai;May;Q2;T2;2018;S1"
"43228;3;5;Mai;May;Q2;T2;2018;S1"
"43229;4;5;Mai;May;Q2;T2;2018;S1"
"43230;5;5;Mai;May;Q2;T2;2018;S1"
"43231;6;5;Mai;May;Q2;T2;2018;S1"
"43232;7;5;Mai;May;Q2;T2;2018;S1"
"43233;1;5;Mai;May;Q2;T2;2018;S1"
"43234;2;5;Mai;May;Q2;T2;2018;S1"
"43235;3;5;Mai;May;Q2;T2;2018;S1"
"43236;4;5;Mai;May;Q2;T2;2018;S1"
"43237;5;5;Mai;May;Q2;T2;2018;S1"
"43238;6;5;Mai;May;Q2;T2;2018;S1"
"43239;7;5;Mai;May;Q2;T2;2018;S1"
"43240;1;5;Mai;May;Q2;T2;2018;S1"
"43241;2;5;Mai;May;Q2;T2;2018;S1"
"43242;3;5;Mai;May;Q2;T2;2018;S1"
"43243;4;5;Mai;May;Q2;T2;2018;S1"
"43244;5;5;Mai;May;Q2;T2;2018;S1"
"43245;6;5;Mai;May;Q2;T2;2018;S1"
"43246;7;5;Mai;May;Q2;T2;2018;S1"
"43247;1;5;Mai;May;Q2;T2;2018;S1"
"43248;2;5;Mai;May;Q2;T2;2018;S1"
"43249;3;5;Mai;May;Q2;T2;2018;S1"
"43250;4;5;Mai;May;Q2;T2;2018;S1"
"43251;5;5;Mai;May;Q2;T2;2018;S1"
"43252;6;6;Juin;June;Q2;T2;2018;S1"
"43253;7;6;Juin;June;Q2;T2;2018;S1"
"43254;1;6;Juin;June;Q2;T2;2018;S1"
"43255;2;6;Juin;June;Q2;T2;2018;S1"
"43256;3;6;Juin;June;Q2;T2;2018;S1"
"43257;4;6;Juin;June;Q2;T2;2018;S1"
"43258;5;6;Juin;June;Q2;T2;2018;S1"
"43259;6;6;Juin;June;Q2;T2;2018;S1"
"43260;7;6;Juin;June;Q2;T2;2018;S1"
"43261;1;6;Juin;June;Q2;T2;2018;S1"
"43262;2;6;Juin;June;Q2;T2;2018;S1"
"43263;3;6;Juin;June;Q2;T2;2018;S1"
"43264;4;6;Juin;June;Q2;T2;2018;S1"
"43265;5;6;Juin;June;Q2;T2;2018;S1"
"43266;6;6;Juin;June;Q2;T2;2018;S1"
"43267;7;6;Juin;June;Q2;T2;2018;S1"
"43268;1;6;Juin;June;Q2;T2;2018;S1"
"43269;2;6;Juin;June;Q2;T2;2018;S1"
"43270;3;6;Juin;June;Q2;T2;2018;S1"
"43271;4;6;Juin;June;Q2;T2;2018;S1"
"43272;5;6;Juin;June;Q2;T2;2018;S1"
"43273;6;6;Juin;June;Q2;T2;2018;S1"
"43274;7;6;Juin;June;Q2;T2;2018;S1"
"43275;1;6;Juin;June;Q2;T2;2018;S1"
"43276;2;6;Juin;June;Q2;T2;2018;S1"
"43277;3;6;Juin;June;Q2;T2;2018;S1"
"43278;4;6;Juin;June;Q2;T2;2018;S1"
"43279;5;6;Juin;June;Q2;T2;2018;S1"
"43280;6;6;Juin;June;Q2;T2;2018;S1"
"43281;7;6;Juin;June;Q2;T2;2018;S1"
"43282;1;7;Juillet;July;Q3;T3;2018;S2"
"43283;2;7;Juillet;July;Q3;T3;2018;S2"
"43284;3;7;Juillet;July;Q3;T3;2018;S2"
"43285;4;7;Juillet;July;Q3;T3;2018;S2"
"43286;5;7;Juillet;July;Q3;T3;2018;S2"
"43287;6;7;Juillet;July;Q3;T3;2018;S2"
"43288;7;7;Juillet;July;Q3;T3;2018;S2"
"43289;1;7;Juillet;July;Q3;T3;2018;S2"
"43290;2;7;Juillet;July;Q3;T3;2018;S2"
"43291;3;7;Juillet;July;Q3;T3;2018;S2"
"43292;4;7;Juillet;July;Q3;T3;2018;S2"
"43293;5;7;Juillet;July;Q3;T3;2018;S2"
"43294;6;7;Juillet;July;Q3;T3;2018;S2"
"43295;7;7;Juillet;July;Q3;T3;2018;S2"
"43296;1;7;Juillet;July;Q3;T3;2018;S2"
"43297;2;7;Juillet;July;Q3;T3;2018;S2"
"43298;3;7;Juillet;July;Q3;T3;2018;S2"
"43299;4;7;Juillet;July;Q3;T3;2018;S2"
"43300;5;7;Juillet;July;Q3;T3;2018;S2"
"43301;6;7;Juillet;July;Q3;T3;2018;S2"
"43302;7;7;Juillet;July;Q3;T3;2018;S2"
"43303;1;7;Juillet;July;Q3;T3;2018;S2"
"43304;2;7;Juillet;July;Q3;T3;2018;S2"
"43305;3;7;Juillet;July;Q3;T3;2018;S2"
"43306;4;7;Juillet;July;Q3;T3;2018;S2"
"43307;5;7;Juillet;July;Q3;T3;2018;S2"
"43308;6;7;Juillet;July;Q3;T3;2018;S2"
"43309;7;7;Juillet;July;Q3;T3;2018;S2"
"43310;1;7;Juillet;July;Q3;T3;2018;S2"
"43311;2;7;Juillet;July;Q3;T3;2018;S2"
"43312;3;7;Juillet;July;Q3;T3;2018;S2"
"43313;4;8;Août;August;Q3;T3;2018;S2"
"43314;5;8;Août;August;Q3;T3;2018;S2"
"43315;6;8;Août;August;Q3;T3;2018;S2"
"43316;7;8;Août;August;Q3;T3;2018;S2"
"43317;1;8;Août;August;Q3;T3;2018;S2"
"43318;2;8;Août;August;Q3;T3;2018;S2"
"43319;3;8;Août;August;Q3;T3;2018;S2"
"43320;4;8;Août;August;Q3;T3;2018;S2"
"43321;5;8;Août;August;Q3;T3;2018;S2"
"43322;6;8;Août;August;Q3;T3;2018;S2"
"43323;7;8;Août;August;Q3;T3;2018;S2"
"43324;1;8;Août;August;Q3;T3;2018;S2"
"43325;2;8;Août;August;Q3;T3;2018;S2"
"43326;3;8;Août;August;Q3;T3;2018;S2"
"43327;4;8;Août;August;Q3;T3;2018;S2"
"43328;5;8;Août;August;Q3;T3;2018;S2"
"43329;6;8;Août;August;Q3;T3;2018;S2"
"43330;7;8;Août;August;Q3;T3;2018;S2"
"43331;1;8;Août;August;Q3;T3;2018;S2"
"43332;2;8;Août;August;Q3;T3;2018;S2"
"43333;3;8;Août;August;Q3;T3;2018;S2"
"43334;4;8;Août;August;Q3;T3;2018;S2"
"43335;5;8;Août;August;Q3;T3;2018;S2"
"43336;6;8;Août;August;Q3;T3;2018;S2"
"43337;7;8;Août;August;Q3;T3;2018;S2"
"43338;1;8;Août;August;Q3;T3;2018;S2"
"43339;2;8;Août;August;Q3;T3;2018;S2"
"43340;3;8;Août;August;Q3;T3;2018;S2"
"43341;4;8;Août;August;Q3;T3;2018;S2"
"43342;5;8;Août;August;Q3;T3;2018;S2"
"43343;6;8;Août;August;Q3;T3;2018;S2"
"43344;7;9;Septembre;September;Q3;T3;2018;S2"
"43345;1;9;Septembre;September;Q3;T3;2018;S2"
"43346;2;9;Septembre;September;Q3;T3;2018;S2"
"43347;3;9;Septembre;September;Q3;T3;2018;S2"
"43348;4;9;Septembre;September;Q3;T3;2018;S2"
"43349;5;9;Septembre;September;Q3;T3;2018;S2"
"43350;6;9;Septembre;September;Q3;T3;2018;S2"
"43351;7;9;Septembre;September;Q3;T3;2018;S2"
"43352;1;9;Septembre;September;Q3;T3;2018;S2"
"43353;2;9;Septembre;September;Q3;T3;2018;S2"
"43354;3;9;Septembre;September;Q3;T3;2018;S2"
"43355;4;9;Septembre;September;Q3;T3;2018;S2"
"43356;5;9;Septembre;September;Q3;T3;2018;S2"
"43357;6;9;Septembre;September;Q3;T3;2018;S2"
"43358;7;9;Septembre;September;Q3;T3;2018;S2"
"43359;1;9;Septembre;September;Q3;T3;2018;S2"
"43360;2;9;Septembre;September;Q3;T3;2018;S2"
"43361;3;9;Septembre;September;Q3;T3;2018;S2"
"43362;4;9;Septembre;September;Q3;T3;2018;S2"
"43363;5;9;Septembre;September;Q3;T3;2018;S2"
"43364;6;9;Septembre;September;Q3;T3;2018;S2"
"43365;7;9;Septembre;September;Q3;T3;2018;S2"
"43366;1;9;Septembre;September;Q3;T3;2018;S2"
"43367;2;9;Septembre;September;Q3;T3;2018;S2"
"43368;3;9;Septembre;September;Q3;T3;2018;S2"
"43369;4;9;Septembre;September;Q3;T3;2018;S2"
"43370;5;9;Septembre;September;Q3;T3;2018;S2"
"43371;6;9;Septembre;September;Q3;T3;2018;S2"
"43372;7;9;Septembre;September;Q3;T3;2018;S2"
"43373;1;9;Septembre;September;Q3;T3;2018;S2"
"43374;2;10;Octobre;October;Q4;T4;2018;S2"
"43375;3;10;Octobre;October;Q4;T4;2018;S2"
"43376;4;10;Octobre;October;Q4;T4;2018;S2"
"43377;5;10;Octobre;October;Q4;T4;2018;S2"
"43378;6;10;Octobre;October;Q4;T4;2018;S2"
"43379;7;10;Octobre;October;Q4;T4;2018;S2"
"43380;1;10;Octobre;October;Q4;T4;2018;S2"
"43381;2;10;Octobre;October;Q4;T4;2018;S2"
"43382;3;10;Octobre;October;Q4;T4;2018;S2"
"43383;4;10;Octobre;October;Q4;T4;2018;S2"
"43384;5;10;Octobre;October;Q4;T4;2018;S2"
"43385;6;10;Octobre;October;Q4;T4;2018;S2"
"43386;7;10;Octobre;October;Q4;T4;2018;S2"
"43387;1;10;Octobre;October;Q4;T4;2018;S2"
"43388;2;10;Octobre;October;Q4;T4;2018;S2"
"43389;3;10;Octobre;October;Q4;T4;2018;S2"
"43390;4;10;Octobre;October;Q4;T4;2018;S2"
"43391;5;10;Octobre;October;Q4;T4;2018;S2"
"43392;6;10;Octobre;October;Q4;T4;2018;S2"
"43393;7;10;Octobre;October;Q4;T4;2018;S2"
"43394;1;10;Octobre;October;Q4;T4;2018;S2"
"43395;2;10;Octobre;October;Q4;T4;2018;S2"
"43396;3;10;Octobre;October;Q4;T4;2018;S2"
"43397;4;10;Octobre;October;Q4;T4;2018;S2"
"43398;5;10;Octobre;October;Q4;T4;2018;S2"
"43399;6;10;Octobre;October;Q4;T4;2018;S2"
"43400;7;10;Octobre;October;Q4;T4;2018;S2"
"43401;1;10;Octobre;October;Q4;T4;2018;S2"
"43402;2;10;Octobre;October;Q4;T4;2018;S2"
"43403;3;10;Octobre;October;Q4;T4;2018;S2"
"43404;4;10;Octobre;October;Q4;T4;2018;S2"
"43405;5;11;Novembre;November;Q4;T4;2018;S2"
"43406;6;11;Novembre;November;Q4;T4;2018;S2"
"43407;7;11;Novembre;November;Q4;T4;2018;S2"
"43408;1;11;Novembre;November;Q4;T4;2018;S2"
"43409;2;11;Novembre;November;Q4;T4;2018;S2"
"43410;3;11;Novembre;November;Q4;T4;2018;S2"
"43411;4;11;Novembre;November;Q4;T4;2018;S2"
"43412;5;11;Novembre;November;Q4;T4;2018;S2"
"43413;6;11;Novembre;November;Q4;T4;2018;S2"
"43414;7;11;Novembre;November;Q4;T4;2018;S2"
"43415;1;11;Novembre;November;Q4;T4;2018;S2"
"43416;2;11;Novembre;November;Q4;T4;2018;S2"
"43417;3;11;Novembre;November;Q4;T4;2018;S2"
"43418;4;11;Novembre;November;Q4;T4;2018;S2"
"43419;5;11;Novembre;November;Q4;T4;2018;S2"
"43420;6;11;Novembre;November;Q4;T4;2018;S2"
"43421;7;11;Novembre;November;Q4;T4;2018;S2"
"43422;1;11;Novembre;November;Q4;T4;2018;S2"
"43423;2;11;Novembre;November;Q4;T4;2018;S2"
"43424;3;11;Novembre;November;Q4;T4;2018;S2"
"43425;4;11;Novembre;November;Q4;T4;2018;S2"
"43426;5;11;Novembre;November;Q4;T4;2018;S2"
"43427;6;11;Novembre;November;Q4;T4;2018;S2"
"43428;7;11;Novembre;November;Q4;T4;2018;S2"
"43429;1;11;Novembre;November;Q4;T4;2018;S2"
"43430;2;11;Novembre;November;Q4;T4;2018;S2"
"43431;3;11;Novembre;November;Q4;T4;2018;S2"
"43432;4;11;Novembre;November;Q4;T4;2018;S2"
"43433;5;11;Novembre;November;Q4;T4;2018;S2"
"43434;6;11;Novembre;November;Q4;T4;2018;S2"
"43435;7;12;Décembre;December;Q4;T4;2018;S2"
"43436;1;12;Décembre;December;Q4;T4;2018;S2"
"43437;2;12;Décembre;December;Q4;T4;2018;S2"
"43438;3;12;Décembre;December;Q4;T4;2018;S2"
"43439;4;12;Décembre;December;Q4;T4;2018;S2"
"43440;5;12;Décembre;December;Q4;T4;2018;S2"
"43441;6;12;Décembre;December;Q4;T4;2018;S2"
"43442;7;12;Décembre;December;Q4;T4;2018;S2"
"43443;1;12;Décembre;December;Q4;T4;2018;S2"
"43444;2;12;Décembre;December;Q4;T4;2018;S2"
"43445;3;12;Décembre;December;Q4;T4;2018;S2"
"43446;4;12;Décembre;December;Q4;T4;2018;S2"
"43447;5;12;Décembre;December;Q4;T4;2018;S2"
"43448;6;12;Décembre;December;Q4;T4;2018;S2"
"43449;7;12;Décembre;December;Q4;T4;2018;S2"
"43450;1;12;Décembre;December;Q4;T4;2018;S2"
"43451;2;12;Décembre;December;Q4;T4;2018;S2"
"43452;3;12;Décembre;December;Q4;T4;2018;S2"
"43453;4;12;Décembre;December;Q4;T4;2018;S2"
"43454;5;12;Décembre;December;Q4;T4;2018;S2"
"43455;6;12;Décembre;December;Q4;T4;2018;S2"
"43456;7;12;Décembre;December;Q4;T4;2018;S2"
"43457;1;12;Décembre;December;Q4;T4;2018;S2"
"43458;2;12;Décembre;December;Q4;T4;2018;S2"
"43459;3;12;Décembre;December;Q4;T4;2018;S2"
"43460;4;12;Décembre;December;Q4;T4;2018;S2"
"43461;5;12;Décembre;December;Q4;T4;2018;S2"
"43462;6;12;Décembre;December;Q4;T4;2018;S2"
"43463;7;12;Décembre;December;Q4;T4;2018;S2"
"43464;1;12;Décembre;December;Q4;T4;2018;S2"
"43465;2;12;Décembre;December;Q4;T4;2018;S2"
"43466;3;1;Janvier;January;Q1;T1;2019;S1"
"43467;4;1;Janvier;January;Q1;T1;2019;S1"
"43468;5;1;Janvier;January;Q1;T1;2019;S1"
"43469;6;1;Janvier;January;Q1;T1;2019;S1"
"43470;7;1;Janvier;January;Q1;T1;2019;S1"
"43471;1;1;Janvier;January;Q1;T1;2019;S1"
"43472;2;1;Janvier;January;Q1;T1;2019;S1"
"43473;3;1;Janvier;January;Q1;T1;2019;S1"
"43474;4;1;Janvier;January;Q1;T1;2019;S1"
"43475;5;1;Janvier;January;Q1;T1;2019;S1"
"43476;6;1;Janvier;January;Q1;T1;2019;S1"
"43477;7;1;Janvier;January;Q1;T1;2019;S1"
"43478;1;1;Janvier;January;Q1;T1;2019;S1"
"43479;2;1;Janvier;January;Q1;T1;2019;S1"
"43480;3;1;Janvier;January;Q1;T1;2019;S1"
"43481;4;1;Janvier;January;Q1;T1;2019;S1"
"43482;5;1;Janvier;January;Q1;T1;2019;S1"
"43483;6;1;Janvier;January;Q1;T1;2019;S1"
"43484;7;1;Janvier;January;Q1;T1;2019;S1"
"43485;1;1;Janvier;January;Q1;T1;2019;S1"
"43486;2;1;Janvier;January;Q1;T1;2019;S1"
"43487;3;1;Janvier;January;Q1;T1;2019;S1"
"43488;4;1;Janvier;January;Q1;T1;2019;S1"
"43489;5;1;Janvier;January;Q1;T1;2019;S1"
"43490;6;1;Janvier;January;Q1;T1;2019;S1"
"43491;7;1;Janvier;January;Q1;T1;2019;S1"
"43492;1;1;Janvier;January;Q1;T1;2019;S1"
"43493;2;1;Janvier;January;Q1;T1;2019;S1"
"43494;3;1;Janvier;January;Q1;T1;2019;S1"
"43495;4;1;Janvier;January;Q1;T1;2019;S1"
"43496;5;1;Janvier;January;Q1;T1;2019;S1"
"43497;6;2;Février;February;Q1;T1;2019;S1"
"43498;7;2;Février;February;Q1;T1;2019;S1"
"43499;1;2;Février;February;Q1;T1;2019;S1"
"43500;2;2;Février;February;Q1;T1;2019;S1"
"43501;3;2;Février;February;Q1;T1;2019;S1"
"43502;4;2;Février;February;Q1;T1;2019;S1"
"43503;5;2;Février;February;Q1;T1;2019;S1"
"43504;6;2;Février;February;Q1;T1;2019;S1"
"43505;7;2;Février;February;Q1;T1;2019;S1"
"43506;1;2;Février;February;Q1;T1;2019;S1"
"43507;2;2;Février;February;Q1;T1;2019;S1"
"43508;3;2;Février;February;Q1;T1;2019;S1"
"43509;4;2;Février;February;Q1;T1;2019;S1"
"43510;5;2;Février;February;Q1;T1;2019;S1"
"43511;6;2;Février;February;Q1;T1;2019;S1"
"43512;7;2;Février;February;Q1;T1;2019;S1"
"43513;1;2;Février;February;Q1;T1;2019;S1"
"43514;2;2;Février;February;Q1;T1;2019;S1"
"43515;3;2;Février;February;Q1;T1;2019;S1"
"43516;4;2;Février;February;Q1;T1;2019;S1"
"43517;5;2;Février;February;Q1;T1;2019;S1"
"43518;6;2;Février;February;Q1;T1;2019;S1"
"43519;7;2;Février;February;Q1;T1;2019;S1"
"43520;1;2;Février;February;Q1;T1;2019;S1"
"43521;2;2;Février;February;Q1;T1;2019;S1"
"43522;3;2;Février;February;Q1;T1;2019;S1"
"43523;4;2;Février;February;Q1;T1;2019;S1"
"43524;5;2;Février;February;Q1;T1;2019;S1"
"43525;6;3;Mars;March;Q1;T1;2019;S1"
"43526;7;3;Mars;March;Q1;T1;2019;S1"
"43527;1;3;Mars;March;Q1;T1;2019;S1"
"43528;2;3;Mars;March;Q1;T1;2019;S1"
"43529;3;3;Mars;March;Q1;T1;2019;S1"
"43530;4;3;Mars;March;Q1;T1;2019;S1"
"43531;5;3;Mars;March;Q1;T1;2019;S1"
"43532;6;3;Mars;March;Q1;T1;2019;S1"
"43533;7;3;Mars;March;Q1;T1;2019;S1"
"43534;1;3;Mars;March;Q1;T1;2019;S1"
"43535;2;3;Mars;March;Q1;T1;2019;S1"
"43536;3;3;Mars;March;Q1;T1;2019;S1"
"43537;4;3;Mars;March;Q1;T1;2019;S1"
"43538;5;3;Mars;March;Q1;T1;2019;S1"
"43539;6;3;Mars;March;Q1;T1;2019;S1"
"43540;7;3;Mars;March;Q1;T1;2019;S1"
"43541;1;3;Mars;March;Q1;T1;2019;S1"
"43542;2;3;Mars;March;Q1;T1;2019;S1"
"43543;3;3;Mars;March;Q1;T1;2019;S1"
"43544;4;3;Mars;March;Q1;T1;2019;S1"
"43545;5;3;Mars;March;Q1;T1;2019;S1"
"43546;6;3;Mars;March;Q1;T1;2019;S1"
"43547;7;3;Mars;March;Q1;T1;2019;S1"
"43548;1;3;Mars;March;Q1;T1;2019;S1"
"43549;2;3;Mars;March;Q1;T1;2019;S1"
"43550;3;3;Mars;March;Q1;T1;2019;S1"
"43551;4;3;Mars;March;Q1;T1;2019;S1"
"43552;5;3;Mars;March;Q1;T1;2019;S1"
"43553;6;3;Mars;March;Q1;T1;2019;S1"
"43554;7;3;Mars;March;Q1;T1;2019;S1"
"43555;1;3;Mars;March;Q1;T1;2019;S1"
"43556;2;4;Avril;April;Q2;T2;2019;S1"
"43557;3;4;Avril;April;Q2;T2;2019;S1"
"43558;4;4;Avril;April;Q2;T2;2019;S1"
"43559;5;4;Avril;April;Q2;T2;2019;S1"
"43560;6;4;Avril;April;Q2;T2;2019;S1"
"43561;7;4;Avril;April;Q2;T2;2019;S1"
"43562;1;4;Avril;April;Q2;T2;2019;S1"
"43563;2;4;Avril;April;Q2;T2;2019;S1"
"43564;3;4;Avril;April;Q2;T2;2019;S1"
"43565;4;4;Avril;April;Q2;T2;2019;S1"
"43566;5;4;Avril;April;Q2;T2;2019;S1"
"43567;6;4;Avril;April;Q2;T2;2019;S1"
"43568;7;4;Avril;April;Q2;T2;2019;S1"
"43569;1;4;Avril;April;Q2;T2;2019;S1"
"43570;2;4;Avril;April;Q2;T2;2019;S1"
"43571;3;4;Avril;April;Q2;T2;2019;S1"
"43572;4;4;Avril;April;Q2;T2;2019;S1"
"43573;5;4;Avril;April;Q2;T2;2019;S1"
"43574;6;4;Avril;April;Q2;T2;2019;S1"
"43575;7;4;Avril;April;Q2;T2;2019;S1"
"43576;1;4;Avril;April;Q2;T2;2019;S1"
"43577;2;4;Avril;April;Q2;T2;2019;S1"
"43578;3;4;Avril;April;Q2;T2;2019;S1"
"43579;4;4;Avril;April;Q2;T2;2019;S1"
"43580;5;4;Avril;April;Q2;T2;2019;S1"
"43581;6;4;Avril;April;Q2;T2;2019;S1"
"43582;7;4;Avril;April;Q2;T2;2019;S1"
"43583;1;4;Avril;April;Q2;T2;2019;S1"
"43584;2;4;Avril;April;Q2;T2;2019;S1"
"43585;3;4;Avril;April;Q2;T2;2019;S1"
"43586;4;5;Mai;May;Q2;T2;2019;S1"
"43587;5;5;Mai;May;Q2;T2;2019;S1"
"43588;6;5;Mai;May;Q2;T2;2019;S1"
"43589;7;5;Mai;May;Q2;T2;2019;S1"
"43590;1;5;Mai;May;Q2;T2;2019;S1"
"43591;2;5;Mai;May;Q2;T2;2019;S1"
"43592;3;5;Mai;May;Q2;T2;2019;S1"
"43593;4;5;Mai;May;Q2;T2;2019;S1"
"43594;5;5;Mai;May;Q2;T2;2019;S1"
"43595;6;5;Mai;May;Q2;T2;2019;S1"
"43596;7;5;Mai;May;Q2;T2;2019;S1"
"43597;1;5;Mai;May;Q2;T2;2019;S1"
"43598;2;5;Mai;May;Q2;T2;2019;S1"
"43599;3;5;Mai;May;Q2;T2;2019;S1"
"43600;4;5;Mai;May;Q2;T2;2019;S1"
"43601;5;5;Mai;May;Q2;T2;2019;S1"
"43602;6;5;Mai;May;Q2;T2;2019;S1"
"43603;7;5;Mai;May;Q2;T2;2019;S1"
"43604;1;5;Mai;May;Q2;T2;2019;S1"
"43605;2;5;Mai;May;Q2;T2;2019;S1"
"43606;3;5;Mai;May;Q2;T2;2019;S1"
"43607;4;5;Mai;May;Q2;T2;2019;S1"
"43608;5;5;Mai;May;Q2;T2;2019;S1"
"43609;6;5;Mai;May;Q2;T2;2019;S1"
"43610;7;5;Mai;May;Q2;T2;2019;S1"
"43611;1;5;Mai;May;Q2;T2;2019;S1"
"43612;2;5;Mai;May;Q2;T2;2019;S1"
"43613;3;5;Mai;May;Q2;T2;2019;S1"
"43614;4;5;Mai;May;Q2;T2;2019;S1"
"43615;5;5;Mai;May;Q2;T2;2019;S1"
"43616;6;5;Mai;May;Q2;T2;2019;S1"
"43617;7;6;Juin;June;Q2;T2;2019;S1"
"43618;1;6;Juin;June;Q2;T2;2019;S1"
"43619;2;6;Juin;June;Q2;T2;2019;S1"
"43620;3;6;Juin;June;Q2;T2;2019;S1"
"43621;4;6;Juin;June;Q2;T2;2019;S1"
"43622;5;6;Juin;June;Q2;T2;2019;S1"
"43623;6;6;Juin;June;Q2;T2;2019;S1"
"43624;7;6;Juin;June;Q2;T2;2019;S1"
"43625;1;6;Juin;June;Q2;T2;2019;S1"
"43626;2;6;Juin;June;Q2;T2;2019;S1"
"43627;3;6;Juin;June;Q2;T2;2019;S1"
"43628;4;6;Juin;June;Q2;T2;2019;S1"
"43629;5;6;Juin;June;Q2;T2;2019;S1"
"43630;6;6;Juin;June;Q2;T2;2019;S1"
"43631;7;6;Juin;June;Q2;T2;2019;S1"
"43632;1;6;Juin;June;Q2;T2;2019;S1"
"43633;2;6;Juin;June;Q2;T2;2019;S1"
"43634;3;6;Juin;June;Q2;T2;2019;S1"
"43635;4;6;Juin;June;Q2;T2;2019;S1"
"43636;5;6;Juin;June;Q2;T2;2019;S1"
"43637;6;6;Juin;June;Q2;T2;2019;S1"
"43638;7;6;Juin;June;Q2;T2;2019;S1"
"43639;1;6;Juin;June;Q2;T2;2019;S1"
"43640;2;6;Juin;June;Q2;T2;2019;S1"
"43641;3;6;Juin;June;Q2;T2;2019;S1"
"43642;4;6;Juin;June;Q2;T2;2019;S1"
"43643;5;6;Juin;June;Q2;T2;2019;S1"
"43644;6;6;Juin;June;Q2;T2;2019;S1"
"43645;7;6;Juin;June;Q2;T2;2019;S1"
"43646;1;6;Juin;June;Q2;T2;2019;S1"
"43647;2;7;Juillet;July;Q3;T3;2019;S2"
"43648;3;7;Juillet;July;Q3;T3;2019;S2"
"43649;4;7;Juillet;July;Q3;T3;2019;S2"
"43650;5;7;Juillet;July;Q3;T3;2019;S2"
"43651;6;7;Juillet;July;Q3;T3;2019;S2"
"43652;7;7;Juillet;July;Q3;T3;2019;S2"
"43653;1;7;Juillet;July;Q3;T3;2019;S2"
"43654;2;7;Juillet;July;Q3;T3;2019;S2"
"43655;3;7;Juillet;July;Q3;T3;2019;S2"
"43656;4;7;Juillet;July;Q3;T3;2019;S2"
"43657;5;7;Juillet;July;Q3;T3;2019;S2"
"43658;6;7;Juillet;July;Q3;T3;2019;S2"
"43659;7;7;Juillet;July;Q3;T3;2019;S2"
"43660;1;7;Juillet;July;Q3;T3;2019;S2"
"43661;2;7;Juillet;July;Q3;T3;2019;S2"
"43662;3;7;Juillet;July;Q3;T3;2019;S2"
"43663;4;7;Juillet;July;Q3;T3;2019;S2"
"43664;5;7;Juillet;July;Q3;T3;2019;S2"
"43665;6;7;Juillet;July;Q3;T3;2019;S2"
"43666;7;7;Juillet;July;Q3;T3;2019;S2"
"43667;1;7;Juillet;July;Q3;T3;2019;S2"
"43668;2;7;Juillet;July;Q3;T3;2019;S2"
"43669;3;7;Juillet;July;Q3;T3;2019;S2"
"43670;4;7;Juillet;July;Q3;T3;2019;S2"
"43671;5;7;Juillet;July;Q3;T3;2019;S2"
"43672;6;7;Juillet;July;Q3;T3;2019;S2"
"43673;7;7;Juillet;July;Q3;T3;2019;S2"
"43674;1;7;Juillet;July;Q3;T3;2019;S2"
"43675;2;7;Juillet;July;Q3;T3;2019;S2"
"43676;3;7;Juillet;July;Q3;T3;2019;S2"
"43677;4;7;Juillet;July;Q3;T3;2019;S2"
"43678;5;8;Août;August;Q3;T3;2019;S2"
"43679;6;8;Août;August;Q3;T3;2019;S2"
"43680;7;8;Août;August;Q3;T3;2019;S2"
"43681;1;8;Août;August;Q3;T3;2019;S2"
"43682;2;8;Août;August;Q3;T3;2019;S2"
"43683;3;8;Août;August;Q3;T3;2019;S2"
"43684;4;8;Août;August;Q3;T3;2019;S2"
"43685;5;8;Août;August;Q3;T3;2019;S2"
"43686;6;8;Août;August;Q3;T3;2019;S2"
"43687;7;8;Août;August;Q3;T3;2019;S2"
"43688;1;8;Août;August;Q3;T3;2019;S2"
"43689;2;8;Août;August;Q3;T3;2019;S2"
"43690;3;8;Août;August;Q3;T3;2019;S2"
"43691;4;8;Août;August;Q3;T3;2019;S2"
"43692;5;8;Août;August;Q3;T3;2019;S2"
"43693;6;8;Août;August;Q3;T3;2019;S2"
"43694;7;8;Août;August;Q3;T3;2019;S2"
"43695;1;8;Août;August;Q3;T3;2019;S2"
"43696;2;8;Août;August;Q3;T3;2019;S2"
"43697;3;8;Août;August;Q3;T3;2019;S2"
"43698;4;8;Août;August;Q3;T3;2019;S2"
"43699;5;8;Août;August;Q3;T3;2019;S2"
"43700;6;8;Août;August;Q3;T3;2019;S2"
"43701;7;8;Août;August;Q3;T3;2019;S2"
"43702;1;8;Août;August;Q3;T3;2019;S2"
"43703;2;8;Août;August;Q3;T3;2019;S2"
"43704;3;8;Août;August;Q3;T3;2019;S2"
"43705;4;8;Août;August;Q3;T3;2019;S2"
"43706;5;8;Août;August;Q3;T3;2019;S2"
"43707;6;8;Août;August;Q3;T3;2019;S2"
"43708;7;8;Août;August;Q3;T3;2019;S2"
"43709;1;9;Septembre;September;Q3;T3;2019;S2"
"43710;2;9;Septembre;September;Q3;T3;2019;S2"
"43711;3;9;Septembre;September;Q3;T3;2019;S2"
"43712;4;9;Septembre;September;Q3;T3;2019;S2"
"43713;5;9;Septembre;September;Q3;T3;2019;S2"
"43714;6;9;Septembre;September;Q3;T3;2019;S2"
"43715;7;9;Septembre;September;Q3;T3;2019;S2"
"43716;1;9;Septembre;September;Q3;T3;2019;S2"
"43717;2;9;Septembre;September;Q3;T3;2019;S2"
"43718;3;9;Septembre;September;Q3;T3;2019;S2"
"43719;4;9;Septembre;September;Q3;T3;2019;S2"
"43720;5;9;Septembre;September;Q3;T3;2019;S2"
"43721;6;9;Septembre;September;Q3;T3;2019;S2"
"43722;7;9;Septembre;September;Q3;T3;2019;S2"
"43723;1;9;Septembre;September;Q3;T3;2019;S2"
"43724;2;9;Septembre;September;Q3;T3;2019;S2"
"43725;3;9;Septembre;September;Q3;T3;2019;S2"
"43726;4;9;Septembre;September;Q3;T3;2019;S2"
"43727;5;9;Septembre;September;Q3;T3;2019;S2"
"43728;6;9;Septembre;September;Q3;T3;2019;S2"
"43729;7;9;Septembre;September;Q3;T3;2019;S2"
"43730;1;9;Septembre;September;Q3;T3;2019;S2"
"43731;2;9;Septembre;September;Q3;T3;2019;S2"
"43732;3;9;Septembre;September;Q3;T3;2019;S2"
"43733;4;9;Septembre;September;Q3;T3;2019;S2"
"43734;5;9;Septembre;September;Q3;T3;2019;S2"
"43735;6;9;Septembre;September;Q3;T3;2019;S2"
"43736;7;9;Septembre;September;Q3;T3;2019;S2"
"43737;1;9;Septembre;September;Q3;T3;2019;S2"
"43738;2;9;Septembre;September;Q3;T3;2019;S2"
"43739;3;10;Octobre;October;Q4;T4;2019;S2"
"43740;4;10;Octobre;October;Q4;T4;2019;S2"
"43741;5;10;Octobre;October;Q4;T4;2019;S2"
"43742;6;10;Octobre;October;Q4;T4;2019;S2"
"43743;7;10;Octobre;October;Q4;T4;2019;S2"
"43744;1;10;Octobre;October;Q4;T4;2019;S2"
"43745;2;10;Octobre;October;Q4;T4;2019;S2"
"43746;3;10;Octobre;October;Q4;T4;2019;S2"
"43747;4;10;Octobre;October;Q4;T4;2019;S2"
"43748;5;10;Octobre;October;Q4;T4;2019;S2"
"43749;6;10;Octobre;October;Q4;T4;2019;S2"
"43750;7;10;Octobre;October;Q4;T4;2019;S2"
"43751;1;10;Octobre;October;Q4;T4;2019;S2"
"43752;2;10;Octobre;October;Q4;T4;2019;S2"
"43753;3;10;Octobre;October;Q4;T4;2019;S2"
"43754;4;10;Octobre;October;Q4;T4;2019;S2"
"43755;5;10;Octobre;October;Q4;T4;2019;S2"
"43756;6;10;Octobre;October;Q4;T4;2019;S2"
"43757;7;10;Octobre;October;Q4;T4;2019;S2"
"43758;1;10;Octobre;October;Q4;T4;2019;S2"
"43759;2;10;Octobre;October;Q4;T4;2019;S2"
"43760;3;10;Octobre;October;Q4;T4;2019;S2"
"43761;4;10;Octobre;October;Q4;T4;2019;S2"
"43762;5;10;Octobre;October;Q4;T4;2019;S2"
"43763;6;10;Octobre;October;Q4;T4;2019;S2"
"43764;7;10;Octobre;October;Q4;T4;2019;S2"
"43765;1;10;Octobre;October;Q4;T4;2019;S2"
"43766;2;10;Octobre;October;Q4;T4;2019;S2"
"43767;3;10;Octobre;October;Q4;T4;2019;S2"
"43768;4;10;Octobre;October;Q4;T4;2019;S2"
"43769;5;10;Octobre;October;Q4;T4;2019;S2"
"43770;6;11;Novembre;November;Q4;T4;2019;S2"
"43771;7;11;Novembre;November;Q4;T4;2019;S2"
"43772;1;11;Novembre;November;Q4;T4;2019;S2"
"43773;2;11;Novembre;November;Q4;T4;2019;S2"
"43774;3;11;Novembre;November;Q4;T4;2019;S2"
"43775;4;11;Novembre;November;Q4;T4;2019;S2"
"43776;5;11;Novembre;November;Q4;T4;2019;S2"
"43777;6;11;Novembre;November;Q4;T4;2019;S2"
"43778;7;11;Novembre;November;Q4;T4;2019;S2"
"43779;1;11;Novembre;November;Q4;T4;2019;S2"
"43780;2;11;Novembre;November;Q4;T4;2019;S2"
"43781;3;11;Novembre;November;Q4;T4;2019;S2"
"43782;4;11;Novembre;November;Q4;T4;2019;S2"
"43783;5;11;Novembre;November;Q4;T4;2019;S2"
"43784;6;11;Novembre;November;Q4;T4;2019;S2"
"43785;7;11;Novembre;November;Q4;T4;2019;S2"
"43786;1;11;Novembre;November;Q4;T4;2019;S2"
"43787;2;11;Novembre;November;Q4;T4;2019;S2"
"43788;3;11;Novembre;November;Q4;T4;2019;S2"
"43789;4;11;Novembre;November;Q4;T4;2019;S2"
"43790;5;11;Novembre;November;Q4;T4;2019;S2"
"43791;6;11;Novembre;November;Q4;T4;2019;S2"
"43792;7;11;Novembre;November;Q4;T4;2019;S2"
"43793;1;11;Novembre;November;Q4;T4;2019;S2"
"43794;2;11;Novembre;November;Q4;T4;2019;S2"
"43795;3;11;Novembre;November;Q4;T4;2019;S2"
"43796;4;11;Novembre;November;Q4;T4;2019;S2"
"43797;5;11;Novembre;November;Q4;T4;2019;S2"
"43798;6;11;Novembre;November;Q4;T4;2019;S2"
"43799;7;11;Novembre;November;Q4;T4;2019;S2"
"43800;1;12;Décembre;December;Q4;T4;2019;S2"
"43801;2;12;Décembre;December;Q4;T4;2019;S2"
"43802;3;12;Décembre;December;Q4;T4;2019;S2"
"43803;4;12;Décembre;December;Q4;T4;2019;S2"
"43804;5;12;Décembre;December;Q4;T4;2019;S2"
"43805;6;12;Décembre;December;Q4;T4;2019;S2"
"43806;7;12;Décembre;December;Q4;T4;2019;S2"
"43807;1;12;Décembre;December;Q4;T4;2019;S2"
"43808;2;12;Décembre;December;Q4;T4;2019;S2"
"43809;3;12;Décembre;December;Q4;T4;2019;S2"
"43810;4;12;Décembre;December;Q4;T4;2019;S2"
"43811;5;12;Décembre;December;Q4;T4;2019;S2"
"43812;6;12;Décembre;December;Q4;T4;2019;S2"
"43813;7;12;Décembre;December;Q4;T4;2019;S2"
"43814;1;12;Décembre;December;Q4;T4;2019;S2"
"43815;2;12;Décembre;December;Q4;T4;2019;S2"
"43816;3;12;Décembre;December;Q4;T4;2019;S2"
"43817;4;12;Décembre;December;Q4;T4;2019;S2"
"43818;5;12;Décembre;December;Q4;T4;2019;S2"
"43819;6;12;Décembre;December;Q4;T4;2019;S2"
"43820;7;12;Décembre;December;Q4;T4;2019;S2"
"43821;1;12;Décembre;December;Q4;T4;2019;S2"
"43822;2;12;Décembre;December;Q4;T4;2019;S2"
"43823;3;12;Décembre;December;Q4;T4;2019;S2"
"43824;4;12;Décembre;December;Q4;T4;2019;S2"
"43825;5;12;Décembre;December;Q4;T4;2019;S2"
"43826;6;12;Décembre;December;Q4;T4;2019;S2"
"43827;7;12;Décembre;December;Q4;T4;2019;S2"
"43828;1;12;Décembre;December;Q4;T4;2019;S2"
"43829;2;12;Décembre;December;Q4;T4;2019;S2"
"43830;3;12;Décembre;December;Q4;T4;2019;S2"
"43831;4;1;Janvier;January;Q1;T1;2020;S1"
"43832;5;1;Janvier;January;Q1;T1;2020;S1"
"43833;6;1;Janvier;January;Q1;T1;2020;S1"
"43834;7;1;Janvier;January;Q1;T1;2020;S1"
"43835;1;1;Janvier;January;Q1;T1;2020;S1"
"43836;2;1;Janvier;January;Q1;T1;2020;S1"
"43837;3;1;Janvier;January;Q1;T1;2020;S1"
"43838;4;1;Janvier;January;Q1;T1;2020;S1"
"43839;5;1;Janvier;January;Q1;T1;2020;S1"
"43840;6;1;Janvier;January;Q1;T1;2020;S1"
"43841;7;1;Janvier;January;Q1;T1;2020;S1"
"43842;1;1;Janvier;January;Q1;T1;2020;S1"
"43843;2;1;Janvier;January;Q1;T1;2020;S1"
"43844;3;1;Janvier;January;Q1;T1;2020;S1"
"43845;4;1;Janvier;January;Q1;T1;2020;S1"
"43846;5;1;Janvier;January;Q1;T1;2020;S1"
"43847;6;1;Janvier;January;Q1;T1;2020;S1"
"43848;7;1;Janvier;January;Q1;T1;2020;S1"
"43849;1;1;Janvier;January;Q1;T1;2020;S1"
"43850;2;1;Janvier;January;Q1;T1;2020;S1"
"43851;3;1;Janvier;January;Q1;T1;2020;S1"
"43852;4;1;Janvier;January;Q1;T1;2020;S1"
"43853;5;1;Janvier;January;Q1;T1;2020;S1"
"43854;6;1;Janvier;January;Q1;T1;2020;S1"
"43855;7;1;Janvier;January;Q1;T1;2020;S1"
"43856;1;1;Janvier;January;Q1;T1;2020;S1"
"43857;2;1;Janvier;January;Q1;T1;2020;S1"
"43858;3;1;Janvier;January;Q1;T1;2020;S1"
"43859;4;1;Janvier;January;Q1;T1;2020;S1"
"43860;5;1;Janvier;January;Q1;T1;2020;S1"
"43861;6;1;Janvier;January;Q1;T1;2020;S1"
"43862;7;2;Février;February;Q1;T1;2020;S1"
"43863;1;2;Février;February;Q1;T1;2020;S1"
"43864;2;2;Février;February;Q1;T1;2020;S1"
"43865;3;2;Février;February;Q1;T1;2020;S1"
"43866;4;2;Février;February;Q1;T1;2020;S1"
"43867;5;2;Février;February;Q1;T1;2020;S1"
"43868;6;2;Février;February;Q1;T1;2020;S1"
"43869;7;2;Février;February;Q1;T1;2020;S1"
"43870;1;2;Février;February;Q1;T1;2020;S1"
"43871;2;2;Février;February;Q1;T1;2020;S1"
"43872;3;2;Février;February;Q1;T1;2020;S1"
"43873;4;2;Février;February;Q1;T1;2020;S1"
"43874;5;2;Février;February;Q1;T1;2020;S1"
"43875;6;2;Février;February;Q1;T1;2020;S1"
"43876;7;2;Février;February;Q1;T1;2020;S1"
"43877;1;2;Février;February;Q1;T1;2020;S1"
"43878;2;2;Février;February;Q1;T1;2020;S1"
"43879;3;2;Février;February;Q1;T1;2020;S1"
"43880;4;2;Février;February;Q1;T1;2020;S1"
"43881;5;2;Février;February;Q1;T1;2020;S1"
"43882;6;2;Février;February;Q1;T1;2020;S1"
"43883;7;2;Février;February;Q1;T1;2020;S1"
"43884;1;2;Février;February;Q1;T1;2020;S1"
"43885;2;2;Février;February;Q1;T1;2020;S1"
"43886;3;2;Février;February;Q1;T1;2020;S1"
"43887;4;2;Février;February;Q1;T1;2020;S1"
"43888;5;2;Février;February;Q1;T1;2020;S1"
"43889;6;2;Février;February;Q1;T1;2020;S1"
"43890;7;2;Février;February;Q1;T1;2020;S1"
"43891;1;3;Mars;March;Q1;T1;2020;S1"
"43892;2;3;Mars;March;Q1;T1;2020;S1"
"43893;3;3;Mars;March;Q1;T1;2020;S1"
"43894;4;3;Mars;March;Q1;T1;2020;S1"
"43895;5;3;Mars;March;Q1;T1;2020;S1"
"43896;6;3;Mars;March;Q1;T1;2020;S1"
"43897;7;3;Mars;March;Q1;T1;2020;S1"
"43898;1;3;Mars;March;Q1;T1;2020;S1"
"43899;2;3;Mars;March;Q1;T1;2020;S1"
"43900;3;3;Mars;March;Q1;T1;2020;S1"
"43901;4;3;Mars;March;Q1;T1;2020;S1"
"43902;5;3;Mars;March;Q1;T1;2020;S1"
"43903;6;3;Mars;March;Q1;T1;2020;S1"
"43904;7;3;Mars;March;Q1;T1;2020;S1"
"43905;1;3;Mars;March;Q1;T1;2020;S1"
"43906;2;3;Mars;March;Q1;T1;2020;S1"
"43907;3;3;Mars;March;Q1;T1;2020;S1"
"43908;4;3;Mars;March;Q1;T1;2020;S1"
"43909;5;3;Mars;March;Q1;T1;2020;S1"
"43910;6;3;Mars;March;Q1;T1;2020;S1"
"43911;7;3;Mars;March;Q1;T1;2020;S1"
"43912;1;3;Mars;March;Q1;T1;2020;S1"
"43913;2;3;Mars;March;Q1;T1;2020;S1"
"43914;3;3;Mars;March;Q1;T1;2020;S1"
"43915;4;3;Mars;March;Q1;T1;2020;S1"
"43916;5;3;Mars;March;Q1;T1;2020;S1"
"43917;6;3;Mars;March;Q1;T1;2020;S1"
"43918;7;3;Mars;March;Q1;T1;2020;S1"
"43919;1;3;Mars;March;Q1;T1;2020;S1"
"43920;2;3;Mars;March;Q1;T1;2020;S1"
"43921;3;3;Mars;March;Q1;T1;2020;S1"
"43922;4;4;Avril;April;Q2;T2;2020;S1"
"43923;5;4;Avril;April;Q2;T2;2020;S1"
"43924;6;4;Avril;April;Q2;T2;2020;S1"
"43925;7;4;Avril;April;Q2;T2;2020;S1"
"43926;1;4;Avril;April;Q2;T2;2020;S1"
"43927;2;4;Avril;April;Q2;T2;2020;S1"
"43928;3;4;Avril;April;Q2;T2;2020;S1"
"43929;4;4;Avril;April;Q2;T2;2020;S1"
"43930;5;4;Avril;April;Q2;T2;2020;S1"
"43931;6;4;Avril;April;Q2;T2;2020;S1"
"43932;7;4;Avril;April;Q2;T2;2020;S1"
"43933;1;4;Avril;April;Q2;T2;2020;S1"
"43934;2;4;Avril;April;Q2;T2;2020;S1"
"43935;3;4;Avril;April;Q2;T2;2020;S1"
"43936;4;4;Avril;April;Q2;T2;2020;S1"
"43937;5;4;Avril;April;Q2;T2;2020;S1"
"43938;6;4;Avril;April;Q2;T2;2020;S1"
"43939;7;4;Avril;April;Q2;T2;2020;S1"
"43940;1;4;Avril;April;Q2;T2;2020;S1"
"43941;2;4;Avril;April;Q2;T2;2020;S1"
"43942;3;4;Avril;April;Q2;T2;2020;S1"
"43943;4;4;Avril;April;Q2;T2;2020;S1"
"43944;5;4;Avril;April;Q2;T2;2020;S1"
"43945;6;4;Avril;April;Q2;T2;2020;S1"
"43946;7;4;Avril;April;Q2;T2;2020;S1"
"43947;1;4;Avril;April;Q2;T2;2020;S1"
"43948;2;4;Avril;April;Q2;T2;2020;S1"
"43949;3;4;Avril;April;Q2;T2;2020;S1"
"43950;4;4;Avril;April;Q2;T2;2020;S1"
"43951;5;4;Avril;April;Q2;T2;2020;S1"
"43952;6;5;Mai;May;Q2;T2;2020;S1"
"43953;7;5;Mai;May;Q2;T2;2020;S1"
"43954;1;5;Mai;May;Q2;T2;2020;S1"
"43955;2;5;Mai;May;Q2;T2;2020;S1"
"43956;3;5;Mai;May;Q2;T2;2020;S1"
"43957;4;5;Mai;May;Q2;T2;2020;S1"
"43958;5;5;Mai;May;Q2;T2;2020;S1"
"43959;6;5;Mai;May;Q2;T2;2020;S1"
"43960;7;5;Mai;May;Q2;T2;2020;S1"
"43961;1;5;Mai;May;Q2;T2;2020;S1"
"43962;2;5;Mai;May;Q2;T2;2020;S1"
"43963;3;5;Mai;May;Q2;T2;2020;S1"
"43964;4;5;Mai;May;Q2;T2;2020;S1"
"43965;5;5;Mai;May;Q2;T2;2020;S1"
"43966;6;5;Mai;May;Q2;T2;2020;S1"
"43967;7;5;Mai;May;Q2;T2;2020;S1"
"43968;1;5;Mai;May;Q2;T2;2020;S1"
"43969;2;5;Mai;May;Q2;T2;2020;S1"
"43970;3;5;Mai;May;Q2;T2;2020;S1"
"43971;4;5;Mai;May;Q2;T2;2020;S1"
"43972;5;5;Mai;May;Q2;T2;2020;S1"
"43973;6;5;Mai;May;Q2;T2;2020;S1"
"43974;7;5;Mai;May;Q2;T2;2020;S1"
"43975;1;5;Mai;May;Q2;T2;2020;S1"
"43976;2;5;Mai;May;Q2;T2;2020;S1"
"43977;3;5;Mai;May;Q2;T2;2020;S1"
"43978;4;5;Mai;May;Q2;T2;2020;S1"
"43979;5;5;Mai;May;Q2;T2;2020;S1"
"43980;6;5;Mai;May;Q2;T2;2020;S1"
"43981;7;5;Mai;May;Q2;T2;2020;S1"
"43982;1;5;Mai;May;Q2;T2;2020;S1"
"43983;2;6;Juin;June;Q2;T2;2020;S1"
"43984;3;6;Juin;June;Q2;T2;2020;S1"
"43985;4;6;Juin;June;Q2;T2;2020;S1"
"43986;5;6;Juin;June;Q2;T2;2020;S1"
"43987;6;6;Juin;June;Q2;T2;2020;S1"
"43988;7;6;Juin;June;Q2;T2;2020;S1"
"43989;1;6;Juin;June;Q2;T2;2020;S1"
"43990;2;6;Juin;June;Q2;T2;2020;S1"
"43991;3;6;Juin;June;Q2;T2;2020;S1"
"43992;4;6;Juin;June;Q2;T2;2020;S1"
"43993;5;6;Juin;June;Q2;T2;2020;S1"
"43994;6;6;Juin;June;Q2;T2;2020;S1"
"43995;7;6;Juin;June;Q2;T2;2020;S1"
"43996;1;6;Juin;June;Q2;T2;2020;S1"
"43997;2;6;Juin;June;Q2;T2;2020;S1"
"43998;3;6;Juin;June;Q2;T2;2020;S1"
"43999;4;6;Juin;June;Q2;T2;2020;S1"
"44000;5;6;Juin;June;Q2;T2;2020;S1"
"44001;6;6;Juin;June;Q2;T2;2020;S1"
"44002;7;6;Juin;June;Q2;T2;2020;S1"
"44003;1;6;Juin;June;Q2;T2;2020;S1"
"44004;2;6;Juin;June;Q2;T2;2020;S1"
"44005;3;6;Juin;June;Q2;T2;2020;S1"
"44006;4;6;Juin;June;Q2;T2;2020;S1"
"44007;5;6;Juin;June;Q2;T2;2020;S1"
"44008;6;6;Juin;June;Q2;T2;2020;S1"
"44009;7;6;Juin;June;Q2;T2;2020;S1"
"44010;1;6;Juin;June;Q2;T2;2020;S1"
"44011;2;6;Juin;June;Q2;T2;2020;S1"
"44012;3;6;Juin;June;Q2;T2;2020;S1"
"44013;4;7;Juillet;July;Q3;T3;2020;S2"
"44014;5;7;Juillet;July;Q3;T3;2020;S2"
"44015;6;7;Juillet;July;Q3;T3;2020;S2"
"44016;7;7;Juillet;July;Q3;T3;2020;S2"
"44017;1;7;Juillet;July;Q3;T3;2020;S2"
"44018;2;7;Juillet;July;Q3;T3;2020;S2"
"44019;3;7;Juillet;July;Q3;T3;2020;S2"
"44020;4;7;Juillet;July;Q3;T3;2020;S2"
"44021;5;7;Juillet;July;Q3;T3;2020;S2"
"44022;6;7;Juillet;July;Q3;T3;2020;S2"
"44023;7;7;Juillet;July;Q3;T3;2020;S2"
"44024;1;7;Juillet;July;Q3;T3;2020;S2"
"44025;2;7;Juillet;July;Q3;T3;2020;S2"
"44026;3;7;Juillet;July;Q3;T3;2020;S2"
"44027;4;7;Juillet;July;Q3;T3;2020;S2"
"44028;5;7;Juillet;July;Q3;T3;2020;S2"
"44029;6;7;Juillet;July;Q3;T3;2020;S2"
"44030;7;7;Juillet;July;Q3;T3;2020;S2"
"44031;1;7;Juillet;July;Q3;T3;2020;S2"
"44032;2;7;Juillet;July;Q3;T3;2020;S2"
"44033;3;7;Juillet;July;Q3;T3;2020;S2"
"44034;4;7;Juillet;July;Q3;T3;2020;S2"
"44035;5;7;Juillet;July;Q3;T3;2020;S2"
"44036;6;7;Juillet;July;Q3;T3;2020;S2"
"44037;7;7;Juillet;July;Q3;T3;2020;S2"
"44038;1;7;Juillet;July;Q3;T3;2020;S2"
"44039;2;7;Juillet;July;Q3;T3;2020;S2"
"44040;3;7;Juillet;July;Q3;T3;2020;S2"
"44041;4;7;Juillet;July;Q3;T3;2020;S2"
"44042;5;7;Juillet;July;Q3;T3;2020;S2"
"44043;6;7;Juillet;July;Q3;T3;2020;S2"
"44044;7;8;Août;August;Q3;T3;2020;S2"
"44045;1;8;Août;August;Q3;T3;2020;S2"
"44046;2;8;Août;August;Q3;T3;2020;S2"
"44047;3;8;Août;August;Q3;T3;2020;S2"
"44048;4;8;Août;August;Q3;T3;2020;S2"
"44049;5;8;Août;August;Q3;T3;2020;S2"
"44050;6;8;Août;August;Q3;T3;2020;S2"
"44051;7;8;Août;August;Q3;T3;2020;S2"
"44052;1;8;Août;August;Q3;T3;2020;S2"
"44053;2;8;Août;August;Q3;T3;2020;S2"
"44054;3;8;Août;August;Q3;T3;2020;S2"
"44055;4;8;Août;August;Q3;T3;2020;S2"
"44056;5;8;Août;August;Q3;T3;2020;S2"
"44057;6;8;Août;August;Q3;T3;2020;S2"
"44058;7;8;Août;August;Q3;T3;2020;S2"
"44059;1;8;Août;August;Q3;T3;2020;S2"
"44060;2;8;Août;August;Q3;T3;2020;S2"
"44061;3;8;Août;August;Q3;T3;2020;S2"
"44062;4;8;Août;August;Q3;T3;2020;S2"
"44063;5;8;Août;August;Q3;T3;2020;S2"
"44064;6;8;Août;August;Q3;T3;2020;S2"
"44065;7;8;Août;August;Q3;T3;2020;S2"
"44066;1;8;Août;August;Q3;T3;2020;S2"
"44067;2;8;Août;August;Q3;T3;2020;S2"
"44068;3;8;Août;August;Q3;T3;2020;S2"
"44069;4;8;Août;August;Q3;T3;2020;S2"
"44070;5;8;Août;August;Q3;T3;2020;S2"
"44071;6;8;Août;August;Q3;T3;2020;S2"
"44072;7;8;Août;August;Q3;T3;2020;S2"
"44073;1;8;Août;August;Q3;T3;2020;S2"
"44074;2;8;Août;August;Q3;T3;2020;S2"
"44075;3;9;Septembre;September;Q3;T3;2020;S2"
"44076;4;9;Septembre;September;Q3;T3;2020;S2"
"44077;5;9;Septembre;September;Q3;T3;2020;S2"
"44078;6;9;Septembre;September;Q3;T3;2020;S2"
"44079;7;9;Septembre;September;Q3;T3;2020;S2"
"44080;1;9;Septembre;September;Q3;T3;2020;S2"
"44081;2;9;Septembre;September;Q3;T3;2020;S2"
"44082;3;9;Septembre;September;Q3;T3;2020;S2"
"44083;4;9;Septembre;September;Q3;T3;2020;S2"
"44084;5;9;Septembre;September;Q3;T3;2020;S2"
"44085;6;9;Septembre;September;Q3;T3;2020;S2"
"44086;7;9;Septembre;September;Q3;T3;2020;S2"
"44087;1;9;Septembre;September;Q3;T3;2020;S2"
"44088;2;9;Septembre;September;Q3;T3;2020;S2"
"44089;3;9;Septembre;September;Q3;T3;2020;S2"
"44090;4;9;Septembre;September;Q3;T3;2020;S2"
"44091;5;9;Septembre;September;Q3;T3;2020;S2"
"44092;6;9;Septembre;September;Q3;T3;2020;S2"
"44093;7;9;Septembre;September;Q3;T3;2020;S2"
"44094;1;9;Septembre;September;Q3;T3;2020;S2"
"44095;2;9;Septembre;September;Q3;T3;2020;S2"
"44096;3;9;Septembre;September;Q3;T3;2020;S2"
"44097;4;9;Septembre;September;Q3;T3;2020;S2"
"44098;5;9;Septembre;September;Q3;T3;2020;S2"
"44099;6;9;Septembre;September;Q3;T3;2020;S2"
"44100;7;9;Septembre;September;Q3;T3;2020;S2"
"44101;1;9;Septembre;September;Q3;T3;2020;S2"
"44102;2;9;Septembre;September;Q3;T3;2020;S2"
"44103;3;9;Septembre;September;Q3;T3;2020;S2"
"44104;4;9;Septembre;September;Q3;T3;2020;S2"
"44105;5;10;Octobre;October;Q4;T4;2020;S2"
"44106;6;10;Octobre;October;Q4;T4;2020;S2"
"44107;7;10;Octobre;October;Q4;T4;2020;S2"
"44108;1;10;Octobre;October;Q4;T4;2020;S2"
"44109;2;10;Octobre;October;Q4;T4;2020;S2"
"44110;3;10;Octobre;October;Q4;T4;2020;S2"
"44111;4;10;Octobre;October;Q4;T4;2020;S2"
"44112;5;10;Octobre;October;Q4;T4;2020;S2"
"44113;6;10;Octobre;October;Q4;T4;2020;S2"
"44114;7;10;Octobre;October;Q4;T4;2020;S2"
"44115;1;10;Octobre;October;Q4;T4;2020;S2"
"44116;2;10;Octobre;October;Q4;T4;2020;S2"
"44117;3;10;Octobre;October;Q4;T4;2020;S2"
"44118;4;10;Octobre;October;Q4;T4;2020;S2"
"44119;5;10;Octobre;October;Q4;T4;2020;S2"
"44120;6;10;Octobre;October;Q4;T4;2020;S2"
"44121;7;10;Octobre;October;Q4;T4;2020;S2"
"44122;1;10;Octobre;October;Q4;T4;2020;S2"
"44123;2;10;Octobre;October;Q4;T4;2020;S2"
"44124;3;10;Octobre;October;Q4;T4;2020;S2"
"44125;4;10;Octobre;October;Q4;T4;2020;S2"
"44126;5;10;Octobre;October;Q4;T4;2020;S2"
"44127;6;10;Octobre;October;Q4;T4;2020;S2"
"44128;7;10;Octobre;October;Q4;T4;2020;S2"
"44129;1;10;Octobre;October;Q4;T4;2020;S2"
"44130;2;10;Octobre;October;Q4;T4;2020;S2"
"44131;3;10;Octobre;October;Q4;T4;2020;S2"
"44132;4;10;Octobre;October;Q4;T4;2020;S2"
"44133;5;10;Octobre;October;Q4;T4;2020;S2"
"44134;6;10;Octobre;October;Q4;T4;2020;S2"
"44135;7;10;Octobre;October;Q4;T4;2020;S2"
"44136;1;11;Novembre;November;Q4;T4;2020;S2"
"44137;2;11;Novembre;November;Q4;T4;2020;S2"
"44138;3;11;Novembre;November;Q4;T4;2020;S2"
"44139;4;11;Novembre;November;Q4;T4;2020;S2"
"44140;5;11;Novembre;November;Q4;T4;2020;S2"
"44141;6;11;Novembre;November;Q4;T4;2020;S2"
"44142;7;11;Novembre;November;Q4;T4;2020;S2"
"44143;1;11;Novembre;November;Q4;T4;2020;S2"
"44144;2;11;Novembre;November;Q4;T4;2020;S2"
"44145;3;11;Novembre;November;Q4;T4;2020;S2"
"44146;4;11;Novembre;November;Q4;T4;2020;S2"
"44147;5;11;Novembre;November;Q4;T4;2020;S2"
"44148;6;11;Novembre;November;Q4;T4;2020;S2"
"44149;7;11;Novembre;November;Q4;T4;2020;S2"
"44150;1;11;Novembre;November;Q4;T4;2020;S2"
"44151;2;11;Novembre;November;Q4;T4;2020;S2"
"44152;3;11;Novembre;November;Q4;T4;2020;S2"
"44153;4;11;Novembre;November;Q4;T4;2020;S2"
"44154;5;11;Novembre;November;Q4;T4;2020;S2"
"44155;6;11;Novembre;November;Q4;T4;2020;S2"
"44156;7;11;Novembre;November;Q4;T4;2020;S2"
"44157;1;11;Novembre;November;Q4;T4;2020;S2"
"44158;2;11;Novembre;November;Q4;T4;2020;S2"
"44159;3;11;Novembre;November;Q4;T4;2020;S2"
"44160;4;11;Novembre;November;Q4;T4;2020;S2"
"44161;5;11;Novembre;November;Q4;T4;2020;S2"
"44162;6;11;Novembre;November;Q4;T4;2020;S2"
"44163;7;11;Novembre;November;Q4;T4;2020;S2"
"44164;1;11;Novembre;November;Q4;T4;2020;S2"
"44165;2;11;Novembre;November;Q4;T4;2020;S2"
"44166;3;12;Décembre;December;Q4;T4;2020;S2"
"44167;4;12;Décembre;December;Q4;T4;2020;S2"
"44168;5;12;Décembre;December;Q4;T4;2020;S2"
"44169;6;12;Décembre;December;Q4;T4;2020;S2"
"44170;7;12;Décembre;December;Q4;T4;2020;S2"
"44171;1;12;Décembre;December;Q4;T4;2020;S2"
"44172;2;12;Décembre;December;Q4;T4;2020;S2"
"44173;3;12;Décembre;December;Q4;T4;2020;S2"
"44174;4;12;Décembre;December;Q4;T4;2020;S2"
"44175;5;12;Décembre;December;Q4;T4;2020;S2"
"44176;6;12;Décembre;December;Q4;T4;2020;S2"
"44177;7;12;Décembre;December;Q4;T4;2020;S2"
"44178;1;12;Décembre;December;Q4;T4;2020;S2"
"44179;2;12;Décembre;December;Q4;T4;2020;S2"
"44180;3;12;Décembre;December;Q4;T4;2020;S2"
"44181;4;12;Décembre;December;Q4;T4;2020;S2"
"44182;5;12;Décembre;December;Q4;T4;2020;S2"
"44183;6;12;Décembre;December;Q4;T4;2020;S2"
"44184;7;12;Décembre;December;Q4;T4;2020;S2"
"44185;1;12;Décembre;December;Q4;T4;2020;S2"
"44186;2;12;Décembre;December;Q4;T4;2020;S2"
"44187;3;12;Décembre;December;Q4;T4;2020;S2"
"44188;4;12;Décembre;December;Q4;T4;2020;S2"
"44189;5;12;Décembre;December;Q4;T4;2020;S2"
"44190;6;12;Décembre;December;Q4;T4;2020;S2"
"44191;7;12;Décembre;December;Q4;T4;2020;S2"
"44192;1;12;Décembre;December;Q4;T4;2020;S2"
"44193;2;12;Décembre;December;Q4;T4;2020;S2"
"44194;3;12;Décembre;December;Q4;T4;2020;S2"
"44195;4;12;Décembre;December;Q4;T4;2020;S2"
"44196;5;12;Décembre;December;Q4;T4;2020;S2"
"44197;6;1;Janvier;January;Q1;T1;2021;S1"
"44198;7;1;Janvier;January;Q1;T1;2021;S1"
"44199;1;1;Janvier;January;Q1;T1;2021;S1"
"44200;2;1;Janvier;January;Q1;T1;2021;S1"
"44201;3;1;Janvier;January;Q1;T1;2021;S1"
"44202;4;1;Janvier;January;Q1;T1;2021;S1"
"44203;5;1;Janvier;January;Q1;T1;2021;S1"
"44204;6;1;Janvier;January;Q1;T1;2021;S1"
"44205;7;1;Janvier;January;Q1;T1;2021;S1"
"44206;1;1;Janvier;January;Q1;T1;2021;S1"
"44207;2;1;Janvier;January;Q1;T1;2021;S1"
"44208;3;1;Janvier;January;Q1;T1;2021;S1"
"44209;4;1;Janvier;January;Q1;T1;2021;S1"
"44210;5;1;Janvier;January;Q1;T1;2021;S1"
"44211;6;1;Janvier;January;Q1;T1;2021;S1"
"44212;7;1;Janvier;January;Q1;T1;2021;S1"
"44213;1;1;Janvier;January;Q1;T1;2021;S1"
"44214;2;1;Janvier;January;Q1;T1;2021;S1"
"44215;3;1;Janvier;January;Q1;T1;2021;S1"
"44216;4;1;Janvier;January;Q1;T1;2021;S1"
"44217;5;1;Janvier;January;Q1;T1;2021;S1"
"44218;6;1;Janvier;January;Q1;T1;2021;S1"
"44219;7;1;Janvier;January;Q1;T1;2021;S1"
"44220;1;1;Janvier;January;Q1;T1;2021;S1"
"44221;2;1;Janvier;January;Q1;T1;2021;S1"
"44222;3;1;Janvier;January;Q1;T1;2021;S1"
"44223;4;1;Janvier;January;Q1;T1;2021;S1"
"44224;5;1;Janvier;January;Q1;T1;2021;S1"
"44225;6;1;Janvier;January;Q1;T1;2021;S1"
"44226;7;1;Janvier;January;Q1;T1;2021;S1"
"44227;1;1;Janvier;January;Q1;T1;2021;S1"
"44228;2;2;Février;February;Q1;T1;2021;S1"
"44229;3;2;Février;February;Q1;T1;2021;S1"
"44230;4;2;Février;February;Q1;T1;2021;S1"
"44231;5;2;Février;February;Q1;T1;2021;S1"
"44232;6;2;Février;February;Q1;T1;2021;S1"
"44233;7;2;Février;February;Q1;T1;2021;S1"
"44234;1;2;Février;February;Q1;T1;2021;S1"
"44235;2;2;Février;February;Q1;T1;2021;S1"
"44236;3;2;Février;February;Q1;T1;2021;S1"
"44237;4;2;Février;February;Q1;T1;2021;S1"
"44238;5;2;Février;February;Q1;T1;2021;S1"
"44239;6;2;Février;February;Q1;T1;2021;S1"
"44240;7;2;Février;February;Q1;T1;2021;S1"
"44241;1;2;Février;February;Q1;T1;2021;S1"
"44242;2;2;Février;February;Q1;T1;2021;S1"
"44243;3;2;Février;February;Q1;T1;2021;S1"
"44244;4;2;Février;February;Q1;T1;2021;S1"
"44245;5;2;Février;February;Q1;T1;2021;S1"
"44246;6;2;Février;February;Q1;T1;2021;S1"
"44247;7;2;Février;February;Q1;T1;2021;S1"
"44248;1;2;Février;February;Q1;T1;2021;S1"
"44249;2;2;Février;February;Q1;T1;2021;S1"
"44250;3;2;Février;February;Q1;T1;2021;S1"
"44251;4;2;Février;February;Q1;T1;2021;S1"
"44252;5;2;Février;February;Q1;T1;2021;S1"
"44253;6;2;Février;February;Q1;T1;2021;S1"
"44254;7;2;Février;February;Q1;T1;2021;S1"
"44255;1;2;Février;February;Q1;T1;2021;S1"
"44256;2;3;Mars;March;Q1;T1;2021;S1"
"44257;3;3;Mars;March;Q1;T1;2021;S1"
"44258;4;3;Mars;March;Q1;T1;2021;S1"
"44259;5;3;Mars;March;Q1;T1;2021;S1"
"44260;6;3;Mars;March;Q1;T1;2021;S1"
"44261;7;3;Mars;March;Q1;T1;2021;S1"
"44262;1;3;Mars;March;Q1;T1;2021;S1"
"44263;2;3;Mars;March;Q1;T1;2021;S1"
"44264;3;3;Mars;March;Q1;T1;2021;S1"
"44265;4;3;Mars;March;Q1;T1;2021;S1"
"44266;5;3;Mars;March;Q1;T1;2021;S1"
"44267;6;3;Mars;March;Q1;T1;2021;S1"
"44268;7;3;Mars;March;Q1;T1;2021;S1"
"44269;1;3;Mars;March;Q1;T1;2021;S1"
"44270;2;3;Mars;March;Q1;T1;2021;S1"
"44271;3;3;Mars;March;Q1;T1;2021;S1"
"44272;4;3;Mars;March;Q1;T1;2021;S1"
"44273;5;3;Mars;March;Q1;T1;2021;S1"
"44274;6;3;Mars;March;Q1;T1;2021;S1"
"44275;7;3;Mars;March;Q1;T1;2021;S1"
"44276;1;3;Mars;March;Q1;T1;2021;S1"
"44277;2;3;Mars;March;Q1;T1;2021;S1"
"44278;3;3;Mars;March;Q1;T1;2021;S1"
"44279;4;3;Mars;March;Q1;T1;2021;S1"
"44280;5;3;Mars;March;Q1;T1;2021;S1"
"44281;6;3;Mars;March;Q1;T1;2021;S1"
"44282;7;3;Mars;March;Q1;T1;2021;S1"
"44283;1;3;Mars;March;Q1;T1;2021;S1"
"44284;2;3;Mars;March;Q1;T1;2021;S1"
"44285;3;3;Mars;March;Q1;T1;2021;S1"
"44286;4;3;Mars;March;Q1;T1;2021;S1"
"44287;5;4;Avril;April;Q2;T2;2021;S1"
"44288;6;4;Avril;April;Q2;T2;2021;S1"
"44289;7;4;Avril;April;Q2;T2;2021;S1"
"44290;1;4;Avril;April;Q2;T2;2021;S1"
"44291;2;4;Avril;April;Q2;T2;2021;S1"
"44292;3;4;Avril;April;Q2;T2;2021;S1"
"44293;4;4;Avril;April;Q2;T2;2021;S1"
"44294;5;4;Avril;April;Q2;T2;2021;S1"
"44295;6;4;Avril;April;Q2;T2;2021;S1"
"44296;7;4;Avril;April;Q2;T2;2021;S1"
"44297;1;4;Avril;April;Q2;T2;2021;S1"
"44298;2;4;Avril;April;Q2;T2;2021;S1"
"44299;3;4;Avril;April;Q2;T2;2021;S1"
"44300;4;4;Avril;April;Q2;T2;2021;S1"
"44301;5;4;Avril;April;Q2;T2;2021;S1"
"44302;6;4;Avril;April;Q2;T2;2021;S1"
"44303;7;4;Avril;April;Q2;T2;2021;S1"
"44304;1;4;Avril;April;Q2;T2;2021;S1"
"44305;2;4;Avril;April;Q2;T2;2021;S1"
"44306;3;4;Avril;April;Q2;T2;2021;S1"
"44307;4;4;Avril;April;Q2;T2;2021;S1"
"44308;5;4;Avril;April;Q2;T2;2021;S1"
"44309;6;4;Avril;April;Q2;T2;2021;S1"
"44310;7;4;Avril;April;Q2;T2;2021;S1"
"44311;1;4;Avril;April;Q2;T2;2021;S1"
"44312;2;4;Avril;April;Q2;T2;2021;S1"
"44313;3;4;Avril;April;Q2;T2;2021;S1"
"44314;4;4;Avril;April;Q2;T2;2021;S1"
"44315;5;4;Avril;April;Q2;T2;2021;S1"
"44316;6;4;Avril;April;Q2;T2;2021;S1"
"44317;7;5;Mai;May;Q2;T2;2021;S1"
"44318;1;5;Mai;May;Q2;T2;2021;S1"
"44319;2;5;Mai;May;Q2;T2;2021;S1"
"44320;3;5;Mai;May;Q2;T2;2021;S1"
"44321;4;5;Mai;May;Q2;T2;2021;S1"
"44322;5;5;Mai;May;Q2;T2;2021;S1"
"44323;6;5;Mai;May;Q2;T2;2021;S1"
"44324;7;5;Mai;May;Q2;T2;2021;S1"
"44325;1;5;Mai;May;Q2;T2;2021;S1"
"44326;2;5;Mai;May;Q2;T2;2021;S1"
"44327;3;5;Mai;May;Q2;T2;2021;S1"
"44328;4;5;Mai;May;Q2;T2;2021;S1"
"44329;5;5;Mai;May;Q2;T2;2021;S1"
"44330;6;5;Mai;May;Q2;T2;2021;S1"
"44331;7;5;Mai;May;Q2;T2;2021;S1"
"44332;1;5;Mai;May;Q2;T2;2021;S1"
"44333;2;5;Mai;May;Q2;T2;2021;S1"
"44334;3;5;Mai;May;Q2;T2;2021;S1"
"44335;4;5;Mai;May;Q2;T2;2021;S1"
"44336;5;5;Mai;May;Q2;T2;2021;S1"
"44337;6;5;Mai;May;Q2;T2;2021;S1"
"44338;7;5;Mai;May;Q2;T2;2021;S1"
"44339;1;5;Mai;May;Q2;T2;2021;S1"
"44340;2;5;Mai;May;Q2;T2;2021;S1"
"44341;3;5;Mai;May;Q2;T2;2021;S1"
"44342;4;5;Mai;May;Q2;T2;2021;S1"
"44343;5;5;Mai;May;Q2;T2;2021;S1"
"44344;6;5;Mai;May;Q2;T2;2021;S1"
"44345;7;5;Mai;May;Q2;T2;2021;S1"
"44346;1;5;Mai;May;Q2;T2;2021;S1"
"44347;2;5;Mai;May;Q2;T2;2021;S1"
"44348;3;6;Juin;June;Q2;T2;2021;S1"
"44349;4;6;Juin;June;Q2;T2;2021;S1"
"44350;5;6;Juin;June;Q2;T2;2021;S1"
"44351;6;6;Juin;June;Q2;T2;2021;S1"
"44352;7;6;Juin;June;Q2;T2;2021;S1"
"44353;1;6;Juin;June;Q2;T2;2021;S1"
"44354;2;6;Juin;June;Q2;T2;2021;S1"
"44355;3;6;Juin;June;Q2;T2;2021;S1"
"44356;4;6;Juin;June;Q2;T2;2021;S1"
"44357;5;6;Juin;June;Q2;T2;2021;S1"
"44358;6;6;Juin;June;Q2;T2;2021;S1"
"44359;7;6;Juin;June;Q2;T2;2021;S1"
"44360;1;6;Juin;June;Q2;T2;2021;S1"
"44361;2;6;Juin;June;Q2;T2;2021;S1"
"44362;3;6;Juin;June;Q2;T2;2021;S1"
"44363;4;6;Juin;June;Q2;T2;2021;S1"
"44364;5;6;Juin;June;Q2;T2;2021;S1"
"44365;6;6;Juin;June;Q2;T2;2021;S1"
"44366;7;6;Juin;June;Q2;T2;2021;S1"
"44367;1;6;Juin;June;Q2;T2;2021;S1"
"44368;2;6;Juin;June;Q2;T2;2021;S1"
"44369;3;6;Juin;June;Q2;T2;2021;S1"
"44370;4;6;Juin;June;Q2;T2;2021;S1"
"44371;5;6;Juin;June;Q2;T2;2021;S1"
"44372;6;6;Juin;June;Q2;T2;2021;S1"
"44373;7;6;Juin;June;Q2;T2;2021;S1"
"44374;1;6;Juin;June;Q2;T2;2021;S1"
"44375;2;6;Juin;June;Q2;T2;2021;S1"
"44376;3;6;Juin;June;Q2;T2;2021;S1"
"44377;4;6;Juin;June;Q2;T2;2021;S1"
"44378;5;7;Juillet;July;Q3;T3;2021;S2"
"44379;6;7;Juillet;July;Q3;T3;2021;S2"
"44380;7;7;Juillet;July;Q3;T3;2021;S2"
"44381;1;7;Juillet;July;Q3;T3;2021;S2"
"44382;2;7;Juillet;July;Q3;T3;2021;S2"
"44383;3;7;Juillet;July;Q3;T3;2021;S2"
"44384;4;7;Juillet;July;Q3;T3;2021;S2"
"44385;5;7;Juillet;July;Q3;T3;2021;S2"
"44386;6;7;Juillet;July;Q3;T3;2021;S2"
"44387;7;7;Juillet;July;Q3;T3;2021;S2"
"44388;1;7;Juillet;July;Q3;T3;2021;S2"
"44389;2;7;Juillet;July;Q3;T3;2021;S2"
"44390;3;7;Juillet;July;Q3;T3;2021;S2"
"44391;4;7;Juillet;July;Q3;T3;2021;S2"
"44392;5;7;Juillet;July;Q3;T3;2021;S2"
"44393;6;7;Juillet;July;Q3;T3;2021;S2"
"44394;7;7;Juillet;July;Q3;T3;2021;S2"
"44395;1;7;Juillet;July;Q3;T3;2021;S2"
"44396;2;7;Juillet;July;Q3;T3;2021;S2"
"44397;3;7;Juillet;July;Q3;T3;2021;S2"
"44398;4;7;Juillet;July;Q3;T3;2021;S2"
"44399;5;7;Juillet;July;Q3;T3;2021;S2"
"44400;6;7;Juillet;July;Q3;T3;2021;S2"
"44401;7;7;Juillet;July;Q3;T3;2021;S2"
"44402;1;7;Juillet;July;Q3;T3;2021;S2"
"44403;2;7;Juillet;July;Q3;T3;2021;S2"
"44404;3;7;Juillet;July;Q3;T3;2021;S2"
"44405;4;7;Juillet;July;Q3;T3;2021;S2"
"44406;5;7;Juillet;July;Q3;T3;2021;S2"
"44407;6;7;Juillet;July;Q3;T3;2021;S2"
"44408;7;7;Juillet;July;Q3;T3;2021;S2"
"44409;1;8;Août;August;Q3;T3;2021;S2"
"44410;2;8;Août;August;Q3;T3;2021;S2"
"44411;3;8;Août;August;Q3;T3;2021;S2"
"44412;4;8;Août;August;Q3;T3;2021;S2"
"44413;5;8;Août;August;Q3;T3;2021;S2"
"44414;6;8;Août;August;Q3;T3;2021;S2"
"44415;7;8;Août;August;Q3;T3;2021;S2"
"44416;1;8;Août;August;Q3;T3;2021;S2"
"44417;2;8;Août;August;Q3;T3;2021;S2"
"44418;3;8;Août;August;Q3;T3;2021;S2"
"44419;4;8;Août;August;Q3;T3;2021;S2"
"44420;5;8;Août;August;Q3;T3;2021;S2"
"44421;6;8;Août;August;Q3;T3;2021;S2"
"44422;7;8;Août;August;Q3;T3;2021;S2"
"44423;1;8;Août;August;Q3;T3;2021;S2"
"44424;2;8;Août;August;Q3;T3;2021;S2"
"44425;3;8;Août;August;Q3;T3;2021;S2"
"44426;4;8;Août;August;Q3;T3;2021;S2"
"44427;5;8;Août;August;Q3;T3;2021;S2"
"44428;6;8;Août;August;Q3;T3;2021;S2"
"44429;7;8;Août;August;Q3;T3;2021;S2"
"44430;1;8;Août;August;Q3;T3;2021;S2"
"44431;2;8;Août;August;Q3;T3;2021;S2"
"44432;3;8;Août;August;Q3;T3;2021;S2"
"44433;4;8;Août;August;Q3;T3;2021;S2"
"44434;5;8;Août;August;Q3;T3;2021;S2"
"44435;6;8;Août;August;Q3;T3;2021;S2"
"44436;7;8;Août;August;Q3;T3;2021;S2"
"44437;1;8;Août;August;Q3;T3;2021;S2"
"44438;2;8;Août;August;Q3;T3;2021;S2"
"44439;3;8;Août;August;Q3;T3;2021;S2"
"44440;4;9;Septembre;September;Q3;T3;2021;S2"
"44441;5;9;Septembre;September;Q3;T3;2021;S2"
"44442;6;9;Septembre;September;Q3;T3;2021;S2"
"44443;7;9;Septembre;September;Q3;T3;2021;S2"
"44444;1;9;Septembre;September;Q3;T3;2021;S2"
"44445;2;9;Septembre;September;Q3;T3;2021;S2"
"44446;3;9;Septembre;September;Q3;T3;2021;S2"
"44447;4;9;Septembre;September;Q3;T3;2021;S2"
"44448;5;9;Septembre;September;Q3;T3;2021;S2"
"44449;6;9;Septembre;September;Q3;T3;2021;S2"
"44450;7;9;Septembre;September;Q3;T3;2021;S2"
"44451;1;9;Septembre;September;Q3;T3;2021;S2"
"44452;2;9;Septembre;September;Q3;T3;2021;S2"
"44453;3;9;Septembre;September;Q3;T3;2021;S2"
"44454;4;9;Septembre;September;Q3;T3;2021;S2"
"44455;5;9;Septembre;September;Q3;T3;2021;S2"
"44456;6;9;Septembre;September;Q3;T3;2021;S2"
"44457;7;9;Septembre;September;Q3;T3;2021;S2"
"44458;1;9;Septembre;September;Q3;T3;2021;S2"
"44459;2;9;Septembre;September;Q3;T3;2021;S2"
"44460;3;9;Septembre;September;Q3;T3;2021;S2"
"44461;4;9;Septembre;September;Q3;T3;2021;S2"
"44462;5;9;Septembre;September;Q3;T3;2021;S2"
"44463;6;9;Septembre;September;Q3;T3;2021;S2"
"44464;7;9;Septembre;September;Q3;T3;2021;S2"
"44465;1;9;Septembre;September;Q3;T3;2021;S2"
"44466;2;9;Septembre;September;Q3;T3;2021;S2"
"44467;3;9;Septembre;September;Q3;T3;2021;S2"
"44468;4;9;Septembre;September;Q3;T3;2021;S2"
"44469;5;9;Septembre;September;Q3;T3;2021;S2"
"44470;6;10;Octobre;October;Q4;T4;2021;S2"
"44471;7;10;Octobre;October;Q4;T4;2021;S2"
"44472;1;10;Octobre;October;Q4;T4;2021;S2"
"44473;2;10;Octobre;October;Q4;T4;2021;S2"
"44474;3;10;Octobre;October;Q4;T4;2021;S2"
"44475;4;10;Octobre;October;Q4;T4;2021;S2"
"44476;5;10;Octobre;October;Q4;T4;2021;S2"
"44477;6;10;Octobre;October;Q4;T4;2021;S2"
"44478;7;10;Octobre;October;Q4;T4;2021;S2"
"44479;1;10;Octobre;October;Q4;T4;2021;S2"
"44480;2;10;Octobre;October;Q4;T4;2021;S2"
"44481;3;10;Octobre;October;Q4;T4;2021;S2"
"44482;4;10;Octobre;October;Q4;T4;2021;S2"
"44483;5;10;Octobre;October;Q4;T4;2021;S2"
"44484;6;10;Octobre;October;Q4;T4;2021;S2"
"44485;7;10;Octobre;October;Q4;T4;2021;S2"
"44486;1;10;Octobre;October;Q4;T4;2021;S2"
"44487;2;10;Octobre;October;Q4;T4;2021;S2"
"44488;3;10;Octobre;October;Q4;T4;2021;S2"
"44489;4;10;Octobre;October;Q4;T4;2021;S2"
"44490;5;10;Octobre;October;Q4;T4;2021;S2"
"44491;6;10;Octobre;October;Q4;T4;2021;S2"
"44492;7;10;Octobre;October;Q4;T4;2021;S2"
"44493;1;10;Octobre;October;Q4;T4;2021;S2"
"44494;2;10;Octobre;October;Q4;T4;2021;S2"
"44495;3;10;Octobre;October;Q4;T4;2021;S2"
"44496;4;10;Octobre;October;Q4;T4;2021;S2"
"44497;5;10;Octobre;October;Q4;T4;2021;S2"
"44498;6;10;Octobre;October;Q4;T4;2021;S2"
"44499;7;10;Octobre;October;Q4;T4;2021;S2"
"44500;1;10;Octobre;October;Q4;T4;2021;S2"
"44501;2;11;Novembre;November;Q4;T4;2021;S2"
"44502;3;11;Novembre;November;Q4;T4;2021;S2"
"44503;4;11;Novembre;November;Q4;T4;2021;S2"
"44504;5;11;Novembre;November;Q4;T4;2021;S2"
"44505;6;11;Novembre;November;Q4;T4;2021;S2"
"44506;7;11;Novembre;November;Q4;T4;2021;S2"
"44507;1;11;Novembre;November;Q4;T4;2021;S2"
"44508;2;11;Novembre;November;Q4;T4;2021;S2"
"44509;3;11;Novembre;November;Q4;T4;2021;S2"
"44510;4;11;Novembre;November;Q4;T4;2021;S2"
"44511;5;11;Novembre;November;Q4;T4;2021;S2"
"44512;6;11;Novembre;November;Q4;T4;2021;S2"
"44513;7;11;Novembre;November;Q4;T4;2021;S2"
"44514;1;11;Novembre;November;Q4;T4;2021;S2"
"44515;2;11;Novembre;November;Q4;T4;2021;S2"
"44516;3;11;Novembre;November;Q4;T4;2021;S2"
"44517;4;11;Novembre;November;Q4;T4;2021;S2"
"44518;5;11;Novembre;November;Q4;T4;2021;S2"
"44519;6;11;Novembre;November;Q4;T4;2021;S2"
"44520;7;11;Novembre;November;Q4;T4;2021;S2"
"44521;1;11;Novembre;November;Q4;T4;2021;S2"
"44522;2;11;Novembre;November;Q4;T4;2021;S2"
"44523;3;11;Novembre;November;Q4;T4;2021;S2"
"44524;4;11;Novembre;November;Q4;T4;2021;S2"
"44525;5;11;Novembre;November;Q4;T4;2021;S2"
"44526;6;11;Novembre;November;Q4;T4;2021;S2"
"44527;7;11;Novembre;November;Q4;T4;2021;S2"
"44528;1;11;Novembre;November;Q4;T4;2021;S2"
"44529;2;11;Novembre;November;Q4;T4;2021;S2"
"44530;3;11;Novembre;November;Q4;T4;2021;S2"
"44531;4;12;Décembre;December;Q4;T4;2021;S2"
"44532;5;12;Décembre;December;Q4;T4;2021;S2"
"44533;6;12;Décembre;December;Q4;T4;2021;S2"
"44534;7;12;Décembre;December;Q4;T4;2021;S2"
"44535;1;12;Décembre;December;Q4;T4;2021;S2"
"44536;2;12;Décembre;December;Q4;T4;2021;S2"
"44537;3;12;Décembre;December;Q4;T4;2021;S2"
"44538;4;12;Décembre;December;Q4;T4;2021;S2"
"44539;5;12;Décembre;December;Q4;T4;2021;S2"
"44540;6;12;Décembre;December;Q4;T4;2021;S2"
"44541;7;12;Décembre;December;Q4;T4;2021;S2"
"44542;1;12;Décembre;December;Q4;T4;2021;S2"
"44543;2;12;Décembre;December;Q4;T4;2021;S2"
"44544;3;12;Décembre;December;Q4;T4;2021;S2"
"44545;4;12;Décembre;December;Q4;T4;2021;S2"
"44546;5;12;Décembre;December;Q4;T4;2021;S2"
"44547;6;12;Décembre;December;Q4;T4;2021;S2"
"44548;7;12;Décembre;December;Q4;T4;2021;S2"
"44549;1;12;Décembre;December;Q4;T4;2021;S2"
"44550;2;12;Décembre;December;Q4;T4;2021;S2"
"44551;3;12;Décembre;December;Q4;T4;2021;S2"
"44552;4;12;Décembre;December;Q4;T4;2021;S2"
"44553;5;12;Décembre;December;Q4;T4;2021;S2"
"44554;6;12;Décembre;December;Q4;T4;2021;S2"
"44555;7;12;Décembre;December;Q4;T4;2021;S2"
"44556;1;12;Décembre;December;Q4;T4;2021;S2"
"44557;2;12;Décembre;December;Q4;T4;2021;S2"
"44558;3;12;Décembre;December;Q4;T4;2021;S2"
"44559;4;12;Décembre;December;Q4;T4;2021;S2"
"44560;5;12;Décembre;December;Q4;T4;2021;S2"
